feature,coefficient
(Intercept),-0.7582186400513701
1:1-4979128,-0.01474740872129434
1:4979129-9958256,0
1:9958257-14937385,0.04726356720771012
1:14937386-19916513,0.5514504874354218
1:19916514-24895642,0
1:24895643-29874770,-0.020098724940897716
1:29874771-34853899,0
1:34853900-39833027,0
1:39833028-44812155,0.014733825365056576
1:44812156-49791284,0.11548463247446993
1:49791285-54770412,0
1:54770413-59749541,0
1:59749542-64728669,0
1:64728670-69707798,0
1:69707799-74686926,-0.228081371398969
1:74686927-79666055,0
1:79666056-84645183,0
1:84645184-89624311,0
1:89624312-94603440,0
1:94603441-99582568,0
1:99582569-104561697,0
1:104561698-109540825,-0.009261459499969343
1:109540826-114519954,0
1:114519955-119499082,0
1:119499083-124478211,0.0011054842812034554
1:124478212-129457339,0
1:129457340-134436467,0
1:134436468-139415596,0
1:139415597-144394724,0
1:144394725-149373853,0
1:149373854-154352981,0
1:154352982-159332110,0
1:159332111-164311238,0
1:164311239-169290366,0
1:169290367-174269495,0
1:174269496-179248623,0
1:179248624-184227752,0
1:184227753-189206880,0
1:189206881-194186009,0
1:194186010-199165137,0
1:199165138-204144266,0
1:204144267-209123394,0
1:209123395-214102522,0
1:214102523-219081651,0
1:219081652-224060779,0
1:224060780-229039908,0
1:229039909-234019036,0
1:234019037-238998165,-0.36744816373351286
1:238998166-243977293,0
1:243977294-248956422,0
2:1-4942725,0
2:4942726-9885450,0
2:9885451-14828175,0
2:14828176-19770900,-0.21033768104767847
2:19770901-24713625,0
2:24713626-29656350,0
2:29656351-34599075,-0.2735105285242646
2:34599076-39541800,0
2:39541801-44484525,0
2:44484526-49427250,0
2:49427251-54369975,0
2:54369976-59312700,0
2:59312701-64255426,0
2:64255427-69198151,0
2:69198152-74140876,0
2:74140877-79083601,0
2:79083602-84026326,0
2:84026327-88969051,0
2:88969052-93911776,0
2:93911777-98854501,0
2:98854502-103797226,0
2:103797227-108739951,0
2:108739952-113682676,0
2:113682677-118625401,0
2:118625402-123568127,0
2:123568128-128510852,0
2:128510853-133453577,0.1755973784783657
2:133453578-138396302,0
2:138396303-143339027,0
2:143339028-148281752,-0.23033937071461202
2:148281753-153224477,0
2:153224478-158167202,0
2:158167203-163109927,0
2:163109928-168052652,0
2:168052653-172995377,0
2:172995378-177938102,0
2:177938103-182880828,0
2:182880829-187823553,0
2:187823554-192766278,0
2:192766279-197709003,0
2:197709004-202651728,-0.021295054619530462
2:202651729-207594453,0
2:207594454-212537178,0
2:212537179-217479903,0
2:217479904-222422628,0
2:222422629-227365353,0
2:227365354-232308078,-0.08713988688738111
2:232308079-237250803,0
2:237250804-242193529,0
3:1-4957388,0
3:4957389-9914777,0
3:9914778-14872166,0
3:14872167-19829555,0
3:19829556-24786944,0
3:24786945-29744333,-0.18869451121830924
3:29744334-34701722,0
3:34701723-39659111,0
3:39659112-44616500,0
3:44616501-49573889,0
3:49573890-54531278,0
3:54531279-59488667,0
3:59488668-64446056,0
3:64446057-69403445,0
3:69403446-74360834,0
3:74360835-79318223,0
3:79318224-84275612,0
3:84275613-89233001,0
3:89233002-94190390,0
3:94190391-99147779,0
3:99147780-104105168,0
3:104105169-109062557,0.21618683409338008
3:109062558-114019946,0
3:114019947-118977335,0
3:118977336-123934724,0
3:123934725-128892113,0
3:128892114-133849502,0
3:133849503-138806891,0
3:138806892-143764280,0
3:143764281-148721669,0
3:148721670-153679058,0
3:153679059-158636447,0
3:158636448-163593836,0
3:163593837-168551225,0
3:168551226-173508614,0
3:173508615-178466003,0
3:178466004-183423392,0
3:183423393-188380781,0
3:188380782-193338170,0
3:193338171-198295559,0
4:1-4877296,0
4:4877297-9754592,0
4:9754593-14631888,0
4:14631889-19509185,0
4:19509186-24386481,0
4:24386482-29263777,0
4:29263778-34141073,0
4:34141074-39018370,0
4:39018371-43895666,0
4:43895667-48772962,0
4:48772963-53650259,0
4:53650260-58527555,0
4:58527556-63404851,0
4:63404852-68282147,0
4:68282148-73159444,0
4:73159445-78036740,0
4:78036741-82914036,0
4:82914037-87791333,0
4:87791334-92668629,0
4:92668630-97545925,0
4:97545926-102423221,0
4:102423222-107300518,0
4:107300519-112177814,0
4:112177815-117055110,0
4:117055111-121932407,0
4:121932408-126809703,0
4:126809704-131686999,0
4:131687000-136564295,0
4:136564296-141441592,0
4:141441593-146318888,0
4:146318889-151196184,0
4:151196185-156073481,0
4:156073482-160950777,0
4:160950778-165828073,0
4:165828074-170705369,0
4:170705370-175582666,0
4:175582667-180459962,0
4:180459963-185337258,0
4:185337259-190214555,0
5:1-4906439,0
5:4906440-9812878,0
5:9812879-14719318,0
5:14719319-19625757,0
5:19625758-24532197,0
5:24532198-29438636,0
5:29438637-34345076,0
5:34345077-39251515,0
5:39251516-44157954,0
5:44157955-49064394,0
5:49064395-53970833,0
5:53970834-58877273,0
5:58877274-63783712,0
5:63783713-68690152,0
5:68690153-73596591,0
5:73596592-78503030,0
5:78503031-83409470,0
5:83409471-88315909,0
5:88315910-93222349,0
5:93222350-98128788,0
5:98128789-103035228,0
5:103035229-107941667,0
5:107941668-112848106,0
5:112848107-117754546,0
5:117754547-122660985,0
5:122660986-127567425,0
5:127567426-132473864,0
5:132473865-137380304,0
5:137380305-142286743,0
5:142286744-147193182,0
5:147193183-152099622,0
5:152099623-157006061,0
5:157006062-161912501,0
5:161912502-166818940,0
5:166818941-171725380,0
5:171725381-176631819,0
5:176631820-181538259,0
6:1-4880170,0
6:4880171-9760341,0
6:9760342-14640512,0
6:14640513-19520683,0
6:19520684-24400854,0
6:24400855-29281024,0.8354650116561596
6:29281025-34161195,0
6:34161196-39041366,0
6:39041367-43921537,0
6:43921538-48801708,0
6:48801709-53681879,0
6:53681880-58562049,0
6:58562050-63442220,0
6:63442221-68322391,0
6:68322392-73202562,0
6:73202563-78082733,0
6:78082734-82962904,0
6:82962905-87843074,0
6:87843075-92723245,0
6:92723246-97603416,0
6:97603417-102483587,0
6:102483588-107363758,0
6:107363759-112243929,0
6:112243930-117124099,0
6:117124100-122004270,0
6:122004271-126884441,0
6:126884442-131764612,0
6:131764613-136644783,0
6:136644784-141524954,0
6:141524955-146405124,0
6:146405125-151285295,0
6:151285296-156165466,0
6:156165467-161045637,0.05772134967732092
6:161045638-165925808,0
6:165925809-170805979,0
7:1-4979561,0
7:4979562-9959123,0
7:9959124-14938684,0
7:14938685-19918246,0
7:19918247-24897808,0
7:24897809-29877369,0
7:29877370-34856931,0
7:34856932-39836493,0
7:39836494-44816054,0
7:44816055-49795616,0
7:49795617-54775178,0
7:54775179-59754739,0
7:59754740-64734301,-0.08389813237718302
7:64734302-69713863,0
7:69713864-74693424,0
7:74693425-79672986,0
7:79672987-84652548,0
7:84652549-89632109,0
7:89632110-94611671,0
7:94611672-99591233,0
7:99591234-104570794,0
7:104570795-109550356,0
7:109550357-114529918,0
7:114529919-119509479,0
7:119509480-124489041,0
7:124489042-129468603,0
7:129468604-134448164,0
7:134448165-139427726,0
7:139427727-144407288,-0.20954187433442828
7:144407289-149386849,0
7:149386850-154366411,0
7:154366412-159345973,0
8:1-4837954,0
8:4837955-9675909,0
8:9675910-14513863,0
8:14513864-19351818,0
8:19351819-24189772,0
8:24189773-29027727,0
8:29027728-33865681,0
8:33865682-38703636,0
8:38703637-43541590,0
8:43541591-48379545,0
8:48379546-53217499,0
8:53217500-58055454,0
8:58055455-62893408,0
8:62893409-67731363,0
8:67731364-72569318,0
8:72569319-77407272,0
8:77407273-82245227,0
8:82245228-87083181,0
8:87083182-91921136,0
8:91921137-96759090,0
8:96759091-101597045,0
8:101597046-106434999,0
8:106435000-111272954,0
8:111272955-116110908,0
8:116110909-120948863,0
8:120948864-125786817,0
8:125786818-130624772,0
8:130624773-135462726,0
8:135462727-140300681,0
8:140300682-145138636,0.6952071348828118
9:1-4942668,0
9:4942669-9885336,0
9:9885337-14828005,0
9:14828006-19770673,-0.2425638595452113
9:19770674-24713342,0
9:24713343-29656010,0
9:29656011-34598679,0
9:34598680-39541347,0
9:39541348-44484016,0
9:44484017-49426684,0
9:49426685-54369353,0
9:54369354-59312021,0
9:59312022-64254690,0
9:64254691-69197358,0
9:69197359-74140026,0
9:74140027-79082695,0
9:79082696-84025363,0
9:84025364-88968032,0
9:88968033-93910700,0
9:93910701-98853369,0
9:98853370-103796037,0
9:103796038-108738706,0
9:108738707-113681374,0
9:113681375-118624043,0
9:118624044-123566711,0
9:123566712-128509380,0
9:128509381-133452048,0
9:133452049-138394717,0
10:1-4955460,0
10:4955461-9910920,0
10:9910921-14866380,0
10:14866381-19821840,0
10:19821841-24777300,0
10:24777301-29732760,0
10:29732761-34688220,0
10:34688221-39643680,0
10:39643681-44599140,0
10:44599141-49554600,0
10:49554601-54510060,0
10:54510061-59465520,0
10:59465521-64420980,0
10:64420981-69376441,0
10:69376442-74331901,0
10:74331902-79287361,0
10:79287362-84242821,0
10:84242822-89198281,-0.6230360794505235
10:89198282-94153741,0
10:94153742-99109201,0
10:99109202-104064661,0
10:104064662-109020121,0
10:109020122-113975581,0
10:113975582-118931041,0
10:118931042-123886501,0
10:123886502-128841961,0
10:128841962-133797421,0
11:1-4824522,0
11:4824523-9649044,0
11:9649045-14473566,0
11:14473567-19298088,0
11:19298089-24122611,0
11:24122612-28947133,0.11456769818978328
11:28947134-33771655,0
11:33771656-38596177,0
11:38596178-43420699,0
11:43420700-48245222,0
11:48245223-53069744,0
11:53069745-57894266,0
11:57894267-62718788,0
11:62718789-67543311,0
11:67543312-72367833,0
11:72367834-77192355,0
11:77192356-82016877,0
11:82016878-86841399,0
11:86841400-91665922,0
11:91665923-96490444,0
11:96490445-101314966,0
11:101314967-106139488,0
11:106139489-110964010,-0.32804023384347114
11:110964011-115788533,0
11:115788534-120613055,0
11:120613056-125437577,0
11:125437578-130262099,0
11:130262100-135086622,0
12:1-4936122,0
12:4936123-9872245,0
12:9872246-14808367,0
12:14808368-19744490,0
12:19744491-24680612,0
12:24680613-29616735,0
12:29616736-34552857,0
12:34552858-39488980,0
12:39488981-44425103,0
12:44425104-49361225,0
12:49361226-54297348,0
12:54297349-59233470,0
12:59233471-64169593,0
12:64169594-69105715,0.31462270133141457
12:69105716-74041838,0
12:74041839-78977960,0
12:78977961-83914083,0
12:83914084-88850206,0
12:88850207-93786328,0
12:93786329-98722451,0
12:98722452-103658573,0
12:103658574-108594696,0
12:108594697-113530818,0
12:113530819-118466941,0
12:118466942-123403063,0
12:123403064-128339186,0
12:128339187-133275309,0
13:1-4972362,0
13:4972363-9944724,0
13:9944725-14917086,0
13:14917087-19889448,0.136773972670084
13:19889449-24861810,0
13:24861811-29834172,0
13:29834173-34806534,0
13:34806535-39778896,0
13:39778897-44751258,0
13:44751259-49723620,0
13:49723621-54695982,0
13:54695983-59668345,0
13:59668346-64640707,0
13:64640708-69613069,0
13:69613070-74585431,0
13:74585432-79557793,0
13:79557794-84530155,0
13:84530156-89502517,0
13:89502518-94474879,0
13:94474880-99447241,0
13:99447242-104419603,0
13:104419604-109391965,0
13:109391966-114364328,0
14:1-4865623,0
14:4865624-9731247,0
14:9731248-14596870,0
14:14596871-19462494,0
14:19462495-24328117,0
14:24328118-29193741,0
14:29193742-34059364,0
14:34059365-38924988,0
14:38924989-43790611,0
14:43790612-48656235,0
14:48656236-53521859,0
14:53521860-58387482,0
14:58387483-63253106,0
14:63253107-68118729,0
14:68118730-72984353,0.38370299441730216
14:72984354-77849976,0
14:77849977-82715600,0
14:82715601-87581223,0
14:87581224-92446847,-0.26053694548674206
14:92446848-97312470,0
14:97312471-102178094,0
14:102178095-107043718,0
15:1-4856723,0
15:4856724-9713446,0
15:9713447-14570169,0
15:14570170-19426893,0
15:19426894-24283616,0
15:24283617-29140339,-0.11884264444998507
15:29140340-33997063,-0.4712474302607342
15:33997064-38853786,0
15:38853787-43710509,0
15:43710510-48567232,0
15:48567233-53423956,0
15:53423957-58280679,0
15:58280680-63137402,0
15:63137403-67994126,0
15:67994127-72850849,0
15:72850850-77707572,0
15:77707573-82564295,0.24818939460054426
15:82564296-87421019,0
15:87421020-92277742,0
15:92277743-97134465,0
15:97134466-101991189,0
16:1-4754649,0
16:4754650-9509299,0
16:9509300-14263949,0
16:14263950-19018598,0
16:19018599-23773248,0
16:23773249-28527898,0
16:28527899-33282548,0
16:33282549-38037197,0
16:38037198-42791847,0
16:42791848-47546497,0
16:47546498-52301147,0
16:52301148-57055796,-0.021309221518320803
16:57055797-61810446,0
16:61810447-66565096,0
16:66565097-71319746,0
16:71319747-76074395,-0.09127964744638141
16:76074396-80829045,0
16:80829046-85583695,0
16:85583696-90338345,0.7256354989498778
17:1-4897496,0
17:4897497-9794993,0
17:9794994-14692489,0
17:14692490-19589986,0
17:19589987-24487482,0
17:24487483-29384979,0
17:29384980-34282475,0
17:34282476-39179972,0
17:39179973-44077468,0
17:44077469-48974965,0
17:48974966-53872461,0
17:53872462-58769958,0
17:58769959-63667454,0
17:63667455-68564951,0
17:68564952-73462447,0
17:73462448-78359944,0
17:78359945-83257441,0
18:1-4727840,0
18:4727841-9455680,0
18:9455681-14183520,0
18:14183521-18911361,0
18:18911362-23639201,0
18:23639202-28367041,0
18:28367042-33094882,0
18:33094883-37822722,0
18:37822723-42550562,0
18:42550563-47278402,0
18:47278403-52006243,0
18:52006244-56734083,0
18:56734084-61461923,0
18:61461924-66189764,0
18:66189765-70917604,0
18:70917605-75645444,0
18:75645445-80373285,0
19:1-4884801,0
19:4884802-9769602,0
19:9769603-14654404,0
19:14654405-19539205,0
19:19539206-24424006,0
19:24424007-29308808,0
19:29308809-34193609,0
19:34193610-39078410,0
19:39078411-43963212,0
19:43963213-48848013,0
19:48848014-53732814,0
19:53732815-58617616,-0.2466018076375526
20:1-4957243,0
20:4957244-9914487,0
20:9914488-14871730,0
20:14871731-19828974,0
20:19828975-24786218,0
20:24786219-29743461,0.003139446176140316
20:29743462-34700705,0
20:34700706-39657948,0
20:39657949-44615192,0
20:44615193-49572436,0
20:49572437-54529679,0
20:54529680-59486923,0
20:59486924-64444166,0
21:1-4670998,0
21:4670999-9341996,0
21:9341997-14012994,0.08931588842971626
21:14012995-18683993,0
21:18683994-23354991,0
21:23354992-28025989,0
21:28025990-32696988,0
21:32696989-37367986,0
21:37367987-42038984,0
21:42038985-46709983,0
22:1-4619860,0
22:4619861-9239721,0
22:9239722-13859582,0
22:13859583-18479442,0
22:18479443-23099303,0
22:23099304-27719164,0
22:27719165-32339025,-0.45721735034947947
22:32339026-36958885,0
22:36958886-41578746,0
22:41578747-46198607,0
22:46198608-50818468,0
1:1-121700000,0
1:125100000-248956422,0
2:1-91800000,0
2:96000000-242193529,0
3:1-87800000,0
3:94000000-198295559,0
4:1-48200000,0
4:51800000-190214555,0
5:1-46100000,0
5:51400000-181538259,0
6:1-58500000,0
6:62600000-170805979,0
7:1-58100000,0.1487616935023992
7:62100000-159345973,0
8:1-43200000,0
8:47200000-145138636,0
9:1-42200000,0
9:45500000-138394717,0.2226501084326206
10:1-38000000,0
10:41600000-133797422,0
11:1-51000000,0
11:55800000-135086622,0
12:1-33200000,0
12:37800000-133275309,0
13:1-16500000,0
13:18900000-114364328,0
14:1-16100000,0
14:18200000-107043718,0
15:1-17500000,0
15:20500000-101991189,0
16:1-35300000,0
16:38400000-90338345,0.04464475465623114
17:1-22700000,-0.47698167936034336
17:27400000-83257441,0
18:1-15400000,0
18:21500000-80373285,0
19:1-24200000,0
19:28100000-58617616,0
20:1-25700000,0
20:30400000-64444167,0
21:1-10900000,0
21:13000000-46709983,0
22:1-13700000,0
22:17400000-50818468,0
cx,0.10200747324818159
u0,0
u1,0
u2,0
u3,0
u4,0
u5,0
u6,0
u7,0
u8,0
u9,0
u10,0
u11,0
u12,0
u13,0
u14,0
u15,0
u16,0
u17,0
u18,0
u19,0
u20,0
u21,0
u22,0
u23,0
u24,0
u25,0
u26,0
u27,0
u28,0
u29,0
u30,0
u31,0
u32,0
u33,0
u34,0
u35,0
u36,0
u37,0
u38,0
u39,0
u40,0
u41,0
u42,-0.054260064575735595
u43,0
u44,0
u45,0
u46,0
u47,0
u48,0
u49,0
u50,0
u51,0
u52,0
u53,0
u54,0
u55,0
u56,0
u57,0
u58,0
u59,0
u60,0
u61,0
u62,0
u63,0
u64,0
u65,0
u66,0
u67,0
u68,0
u69,0
u70,0
u71,0
u72,0
u73,0
u74,0
u75,0
u76,0
u77,0
u78,0
u79,0
u80,0
u81,0
u82,0
u83,0
u84,0
u85,0
u86,0
u87,0
u88,0
u89,0
u90,0
u91,0
u92,0
u93,0
u94,0
u95,0
u96,0
u97,0
u98,0
u99,0
u100,0
u101,0
u102,0
u103,0
u104,0
u105,0
u106,0
u107,0
u108,0
u109,0
u110,0
u111,0
u112,0
u113,0
u114,0
u115,0
u116,0
u117,0
u118,0
u119,0
u120,0
u121,0
u122,0
u123,0
u124,0
u125,0
u126,0
u127,0
u128,0
u129,0
u130,0
u131,0
u132,0
u133,0
u134,0
u135,0
u136,0
u137,0
u138,0
u139,0
u140,0
u141,0
u142,0
u143,0
u144,0
u145,0
u146,0
u147,0.005942347797295233
u148,0
u149,0
u150,0
u151,0
u152,0
u153,0
u154,0
u155,0
u156,0
u157,0
u158,0
u159,0
u160,0
u161,0
u162,0
u163,0
u164,0
u165,0
u166,0
u167,0
u168,0
u169,0
u170,0
u171,0
u172,0
u173,0
u174,0
u175,-0.06424368515729714
u176,0
u177,0
u178,0
u179,0
u180,0
u181,0
u182,0
u183,0
u184,0
u185,0
u186,0
u187,0
u188,-0.0656150908090848
u189,0
u190,0
u191,0
u192,0
u193,0
u194,0
u195,0
u196,0
u197,0
u198,0
u199,0
u200,0
u201,0
u202,0
u203,0
u204,0
u205,0
u206,0
u207,0
u208,0
u209,0
u210,0
u211,0
u212,0.08166971715560215
u213,0
u214,0
u215,0
u216,-0.2836336786965466
u217,0
u218,0
u219,0
u220,0
u221,0
u222,0
u223,0
u224,-0.03269823602208073
u225,0
u226,0
u227,0
u228,0
u229,0
u230,0
u231,0
u232,0
u233,0
u234,0
u235,0
u236,-0.024205946044815144
u237,0
u238,0
u239,0
u240,0
u241,-0.22996426574502266
u242,0
u243,0
u244,0
u245,0
u246,0
u247,0
u248,0
u249,0
u250,0.21068744776720208
u251,0
u252,0
u253,0
u254,0
u255,0
u256,0
u257,0
u258,0
u259,0
u260,0
u261,0
u262,0
u263,0
u264,0
u265,0
u266,0
u267,0
u268,0
u269,0
u270,0
u271,0
u272,0
u273,0
u274,0
u275,0
u276,0
u277,0
u278,0
u279,0
u280,0
u281,0
u282,0
u283,0
u284,0
u285,0
u286,0
u287,0
u288,0
u289,0
u290,0
u291,0
u292,0
u293,0
u294,0
u295,0
u296,0
u297,0
u298,0
u299,0
u300,0
u301,0
u302,0
u303,0
u304,0
u305,0
u306,0
u307,0
u308,0
u309,0
u310,0
u311,0
u312,0
u313,0
u314,0
u315,0
u316,0
u317,0
u318,0
u319,0
u320,0
u321,0
u322,0
u323,0
u324,-0.028264287738436623
u325,0
u326,0
u327,0
u328,0
u329,0
u330,0
u331,0
u332,0
u333,0.033743469521880065
u334,0
u335,0
u336,0
u337,0
u338,0
u339,0
u340,0
u341,0
u342,0
u343,0
u344,0
u345,0
u346,0
u347,0
u348,0
u349,0
u350,0
u351,0
u352,0
u353,0
u354,0
u355,0
u356,0
u357,0
u358,0
u359,0
u360,0
u361,0
u362,0
u363,0
u364,0
u365,0
u366,0
u367,0
u368,0
u369,0
u370,0
u371,0
u372,0
u373,0
u374,0
u375,0
u376,0
u377,0
u378,0
u379,0
u380,0
u381,0
u382,0
u383,0
u384,0
u385,0
u386,0.1992662781253881
u387,0
u388,0
u389,0
u390,-0.014679386400831614
u391,0
u392,0.05808839107436982
u393,0
u394,0
u395,0
u396,0
u397,0
u398,0
u399,0
u400,0
u401,0
u402,0
u403,0
u404,0
u405,0
u406,0
u407,0
u408,0
u409,0
u410,0
u411,0
u412,0
u413,0
u414,0
u415,0
u416,0
u417,0
u418,0
u419,0
u420,0
u421,0
u422,0
u423,-0.05426245707722651
u424,0
u425,0
u426,0
u427,0
u428,0.07531140080084568
u429,0
u430,0
u431,0
u432,0
u433,0
u434,0
u435,0
u436,0
u437,0
u438,0
u439,0
u440,0.03291092826917417
u441,0
u442,0
u443,0
u444,0
u445,0
u446,0
u447,0
u448,0
u449,0
u450,0
u451,0
u452,0
u453,0
u454,0
u455,0
u456,0
u457,0
u458,0
u459,0
u460,0
u461,0
u462,0
u463,0
u464,0
u465,0
u466,0
u467,0
u468,0
u469,0
u470,0
u471,-0.2214508766238999
u472,0
u473,0
u474,0
u475,0
u476,0
u477,0
u478,0
u479,0
u480,0
u481,0.07675632883638783
u482,0
u483,0
u484,0
u485,0
u486,0
u487,0
u488,0
u489,0
u490,0
u491,0
u492,-0.005260403757097971
u493,0
u494,0
u495,0
u496,0
u497,0
u498,0
u499,0
u500,0
u501,0
u502,0
u503,0
u504,0
u505,0
u506,0
u507,0
u508,0
u509,0
u510,0
u511,0
u512,0.24499584458711351
u513,0
u514,0
u515,0
u516,0
u517,0
u518,0
u519,0
u520,0
u521,0
u522,0
u523,0
u524,0
u525,0
u526,0
u527,0
u528,0
u529,0
u530,0
u531,0
u532,0
u533,0
u534,-0.3283012965702516
u535,0
u536,0
u537,0
u538,0
u539,0
u540,0
u541,0
u542,0
u543,0
u544,0
u545,0
u546,0
u547,0
u548,0
u549,0
u550,0
u551,0
u552,0
u553,0
u554,0
u555,0
u556,0
u557,0
u558,0
u559,0
u560,0
u561,0
u562,0
u563,0
u564,0
u565,0
u566,0
u567,0
u568,0
u569,0
u570,0
u571,0
u572,0
u573,0
u574,0
u575,0
u576,0
u577,0
u578,0
u579,0
u580,0
u581,0
u582,0
u583,0
u584,0
u585,0
u586,0
u587,0
u588,0
u589,0
u590,0
u591,0
u592,0
u593,0
u594,0
u595,0
u596,0
u597,0
u598,0
u599,0
u600,0
u601,0
u602,0
u603,0
u604,0
u605,0
u606,0
u607,0
u608,0
u609,0
u610,0
u611,0
u612,0
u613,0
u614,0
u615,0
u616,0
u617,0
u618,0
u619,0
u620,0
u621,0
u622,0
u623,0
u624,0
u625,0
u626,0
u627,0
u628,0
u629,0
u630,0
u631,0
u632,0
u633,0
u634,0
u635,0
u636,0
u637,0
u638,0
u639,0
u640,0
u641,-0.1618526654913836
u642,0
u643,0
u644,0
u645,0
u646,0
u647,0
u648,0
u649,0
u650,0
u651,0
u652,0
u653,0
u654,0
u655,0
u656,0
u657,0
u658,0
u659,0
u660,0
u661,0
u662,0
u663,0
u664,0
u665,0
u666,0
u667,0
u668,0
u669,0
u670,0
u671,0
u672,0
u673,0
u674,0
u675,0
u676,0
u677,0
u678,0
u679,0
u680,0
u681,0
u682,0
u683,0
u684,0
u685,0
u686,0
u687,0
u688,0
u689,0
u690,0
u691,0
u692,0
u693,0
u694,0
u695,0
u696,0
u697,0
u698,0
u699,0
u700,0
u701,0
u702,0
u703,0
u704,0
u705,0
u706,0
u707,0
u708,0
u709,0
u710,0
u711,0
u712,0
u713,0
u714,0
u715,0
u716,0
u717,0
u718,0
u719,0
u720,0
u721,0
u722,0
u723,0
u724,0
u725,0
u726,0
u727,0
u728,0
u729,0
u730,0
u731,0
u732,0
u733,0
u734,0
u735,0
u736,0
u737,0
u738,0
u739,0
u740,0
u741,0
u742,0
u743,0
u744,0
u745,0
u746,-0.06840539744950513
u747,0
u748,0
u749,0
u750,0.0011766023407840565
u751,0
u752,0
u753,0
u754,0
u755,0
u756,0
u757,0
u758,0
u759,0
u760,0
u761,0
u762,0
u763,0
u764,0
u765,0
u766,0
u767,0
u768,0
u769,0
u770,0
u771,0
u772,0
u773,0
u774,0
u775,0
u776,0
u777,0
u778,0
u779,0
u780,0
u781,0.025408210255409333
u782,0
u783,0
u784,0
u785,0
u786,0
u787,0
u788,0
u789,0
u790,0
u791,0
u792,0
u793,0
u794,0
u795,0
u796,0
u797,0.15558583835218223
u798,0.23331626688314772
u799,0
u800,0
u801,0
u802,0
u803,0
u804,0
u805,0
u806,0
u807,-0.1160831829441741
u808,0
u809,0
u810,0
u811,0
u812,0
u813,0
u814,0
u815,0
u816,0
u817,0
u818,0
u819,0
u820,0
u821,0
u822,0
u823,0
u824,0
u825,0
u826,0
u827,0.022555960604424906
u828,0
u829,0
u830,0
u831,0
u832,0
u833,0
u834,0.0765843810042375
u835,0
u836,0
u837,0
u838,0
u839,0
u840,0
u841,0
u842,0
u843,0
u844,0
u845,0
u846,0
u847,0
u848,0
u849,0
u850,0
u851,0
u852,0.08093887997098861
u853,0
u854,0
u855,0
u856,0
u857,0
u858,0
u859,0
u860,0
u861,0
u862,0
u863,0
u864,0
u865,0
u866,0
u867,0
u868,0
u869,0
u870,0
u871,0
u872,0
u873,0
u874,0
u875,0
u876,0
u877,0
u878,0
u879,0
u880,0
u881,0
u882,0
u883,0
u884,0
u885,0
u886,0
u887,0
u888,0
u889,0
u890,0
u891,0
u892,0
u893,0.06225351974535345
u894,0
u895,0
u896,0
u897,0
u898,0
u899,0
u900,0
u901,0
u902,0
u903,0
u904,0
u905,0
u906,0
u907,0
u908,0
u909,0
u910,0
u911,0
u912,0
u913,0
u914,-0.38736695141926925
u915,0
u916,0
u917,0
u918,0
u919,0
u920,0
u921,0
u922,0
u923,0
u924,0
u925,0
u926,0
u927,0
u928,0
u929,0
u930,0
u931,0
u932,0
u933,0
u934,0
u935,0
u936,0
u937,0
u938,0
u939,0
u940,0
u941,0
u942,0
u943,0
u944,0
u945,0
u946,0
u947,0
u948,0
u949,0
u950,0
u951,0
u952,0
u953,0
u954,0
u955,0
u956,0
u957,0
u958,0
u959,0
u960,0
u961,0
u962,0
u963,0
u964,0
u965,0
u966,0
u967,0
u968,0
u969,0
u970,0
u971,0
u972,0
u973,0
u974,0
u975,0
u976,0
u977,0
u978,0
u979,0
u980,0
u981,0
u982,0
u983,0
u984,0
u985,0
u986,0
u987,0
u988,-0.1359511254530316
u989,0
u990,0
u991,0
u992,0
u993,0
u994,0
u995,0
u996,0
u997,0
u998,0
u999,0
u1000,0
u1001,0
u1002,0
u1003,0
u1004,0
u1005,0
u1006,0
u1007,0
u1008,0
u1009,0
u1010,0.040548322793952846
u1011,0
u1012,0
u1013,0
u1014,0.23883624447379528
u1015,0
u1016,0
u1017,0
u1018,0
u1019,0
u1020,0
u1021,0
u1022,0
u1023,0
u1024,0
u1025,0
u1026,0
u1027,0
u1028,0
u1029,0
u1030,0
u1031,0
u1032,0
u1033,0
u1034,0
u1035,0
u1036,0
u1037,0
u1038,0
u1039,0
u1040,0
u1041,0
u1042,0
u1043,-0.005312538834456263
u1044,0
u1045,0
u1046,0
u1047,0
u1048,0
u1049,0
u1050,0
u1051,0
u1052,0
u1053,0
u1054,0
u1055,0
u1056,0
u1057,0
u1058,0
u1059,0
u1060,0
u1061,0
u1062,0
u1063,0
u1064,0
u1065,0
u1066,0
u1067,0
u1068,0
u1069,0
u1070,0
u1071,0
u1072,0
u1073,0
u1074,0
u1075,0
u1076,0
u1077,0
u1078,0
u1079,0
u1080,0
u1081,0
u1082,0
u1083,0
u1084,0
u1085,0
u1086,0
u1087,0
u1088,0
u1089,0
u1090,0
u1091,0
u1092,0
u1093,0
u1094,0
u1095,0
u1096,0
u1097,0
u1098,0
u1099,0
u1100,0
u1101,0
u1102,0
u1103,0
u1104,0
u1105,0
u1106,0
u1107,0
u1108,0
u1109,0
u1110,0
u1111,0
u1112,0
u1113,-0.16270146351511375
u1114,0
u1115,0
u1116,0
u1117,0
u1118,0
u1119,0
u1120,0
u1121,0
u1122,0
u1123,0
u1124,0.11510892708190008
u1125,0
u1126,0
u1127,0
u1128,0
u1129,0
u1130,0
u1131,0
u1132,0
u1133,0
u1134,0
u1135,0
u1136,0
u1137,0
u1138,0
u1139,0
u1140,0
u1141,0
u1142,0
u1143,0
u1144,0
u1145,0
u1146,0
u1147,0
u1148,0
u1149,0
u1150,0
u1151,0
u1152,0
u1153,0
u1154,0
u1155,0
u1156,0
u1157,0
u1158,0
u1159,0
u1160,0
u1161,0
u1162,0
u1163,0
u1164,0
u1165,0
u1166,0
u1167,0
u1168,0
u1169,0
u1170,0
u1171,0
u1172,0
u1173,0
u1174,0
u1175,0
u1176,0
u1177,0
u1178,0
u1179,0
u1180,0
u1181,0
u1182,0
u1183,0
u1184,0
u1185,0
u1186,0
u1187,0
u1188,0
u1189,0
u1190,0
u1191,0
u1192,0
u1193,0
u1194,0
u1195,0
u1196,0
u1197,0
u1198,0
u1199,0
u1200,0
u1201,0
u1202,0
u1203,0
u1204,0
u1205,-0.11218383079288465
u1206,0
u1207,0
u1208,0
u1209,0
u1210,0
u1211,0
u1212,0
u1213,0
u1214,0.12953507417605345
u1215,0
u1216,0
u1217,0
u1218,0
u1219,0
u1220,0
u1221,0
u1222,0
u1223,0
u1224,0
u1225,0
u1226,0
u1227,0
u1228,0
u1229,0
u1230,0
u1231,0
u1232,0
u1233,0
u1234,0
u1235,0
u1236,0
u1237,0
u1238,0
u1239,0
u1240,0
u1241,0
u1242,0
u1243,0
u1244,0
u1245,0
u1246,0
u1247,0
u1248,0.020630558374280555
u1249,0
u1250,0
u1251,0
u1252,0
u1253,0
u1254,0
u1255,0
u1256,0
u1257,0
u1258,0
u1259,0
u1260,0
u1261,0
u1262,0
u1263,0
u1264,0
u1265,0
u1266,0
u1267,0
u1268,0
u1269,0
u1270,0
u1271,0
u1272,0
u1273,0
u1274,0
u1275,0
u1276,0
u1277,0
u1278,0
u1279,0
u1280,0
u1281,0
u1282,0
u1283,0
u1284,0
u1285,0
u1286,0
u1287,0
u1288,0
u1289,0
u1290,-0.033146400597770104
u1291,0
u1292,0
u1293,0
u1294,0
u1295,0
u1296,0
u1297,0
u1298,0
u1299,0
u1300,0
u1301,0
u1302,0
u1303,0
u1304,0
u1305,0
u1306,0
u1307,0
u1308,0
u1309,0
u1310,0
u1311,0
u1312,0
u1313,0
u1314,0
u1315,0
u1316,0
u1317,0
u1318,0
u1319,0
u1320,0
u1321,0
u1322,0
u1323,0
u1324,0
u1325,0
u1326,0
u1327,0
u1328,0
u1329,0
u1330,0
u1331,0
u1332,0
u1333,0
u1334,0
u1335,0
u1336,0
u1337,0
u1338,0
u1339,0
u1340,0
u1341,0
u1342,0
u1343,0
u1344,0
u1345,0
u1346,0
u1347,0
u1348,0
u1349,0
u1350,0
u1351,0
u1352,0
u1353,0
u1354,0
u1355,0
u1356,0
u1357,0
u1358,0
u1359,0
u1360,0
u1361,0
u1362,0
u1363,0
u1364,0
u1365,0
u1366,0
u1367,0.08915295717963075
u1368,0
u1369,0
u1370,0
u1371,0
u1372,0
u1373,0
u1374,0.08338173767550179
u1375,0
u1376,0
u1377,0
u1378,0
u1379,0
u1380,0
u1381,0
u1382,0
u1383,0
u1384,0
u1385,0
u1386,0
u1387,0
u1388,0
u1389,0
u1390,0
u1391,0
u1392,0
u1393,0
u1394,0
u1395,0
u1396,0
u1397,0
u1398,0
u1399,0
u1400,0
u1401,0
u1402,0
u1403,0
u1404,0
u1405,0
u1406,0
u1407,0
u1408,0
u1409,0
u1410,0
u1411,0
u1412,0
u1413,0
u1414,0
u1415,-0.027706963487108837
u1416,0
u1417,0
u1418,0
u1419,0
u1420,0
u1421,0
u1422,0
u1423,0
u1424,0
u1425,0
u1426,0
u1427,0
u1428,0
u1429,0
u1430,0
u1431,0
u1432,0
u1433,0
u1434,0
u1435,0
u1436,0
u1437,0
u1438,0
u1439,0
u1440,0
u1441,0
u1442,0
u1443,0
u1444,0
u1445,0
u1446,0
u1447,0
u1448,0
u1449,0
u1450,0
u1451,0
u1452,0
u1453,0
u1454,0
u1455,0
u1456,0
u1457,0
u1458,0
u1459,0
u1460,0
u1461,0
u1462,0
u1463,0
u1464,0
u1465,0
u1466,0
u1467,0
u1468,0
u1469,0
u1470,0
u1471,0
u1472,0
u1473,0
u1474,0
u1475,0
u1476,0
u1477,0
u1478,0
u1479,0
u1480,0
u1481,0
u1482,0
u1483,0
u1484,0
u1485,0
u1486,0
u1487,0
u1488,0
u1489,-0.009979448697591464
u1490,0
u1491,0
u1492,0
u1493,0
u1494,0
u1495,0
u1496,0
u1497,0
u1498,0
u1499,0
u1500,0
u1501,0
u1502,0
u1503,0
u1504,0
u1505,0
u1506,-0.14053932083127318
u1507,0
u1508,0
u1509,0
u1510,0
u1511,0
u1512,0
u1513,0
u1514,0
u1515,0
u1516,0
u1517,0
u1518,0
u1519,0
u1520,0
u1521,0
u1522,0
u1523,0
u1524,0
u1525,0
u1526,0
u1527,0
u1528,0
u1529,0
u1530,0
u1531,0
u1532,0
u1533,0
u1534,0
u1535,0
