overall_rank,feature,ftype,importance_mean,importance_std,importance_min,importance_max,rank_mean,rank_best,n_folds,n_protein_coding_genes,cancer_genes,top_cancer_genes
1,chr20p,arm,0.0135238082591924,0.0013614677922004,0.0115207706160064,0.0150462608682325,5.8,1,5,186.0,CDC25B;CSNK2A1;FOXA2;JAG1;MCM8;PCNA;TASP1,"CDC25B, CSNK2A1, FOXA2, JAG1, MCM8"
2,chr11q,arm,0.0132412185165119,0.0010395263669232,0.0123344077936243,0.0149909174558384,6.6,1,5,869.0,ANO1;ATM;CCND1;CHEK1;FGF19;FGF3;FGF4,"ANO1, ATM, CCND1, CHEK1, FGF19"
3,chr7p,arm,0.013123502361512,0.0012316862240133,0.0122962289996667,0.015226065646316,6.6,1,5,300.0,EGFR,EGFR
4,chr17p,arm,0.0129766434373581,0.0014942892219468,0.0105215458012485,0.0145571583383687,10.2,2,5,347.0,TP53,TP53
5,chr12q,arm,0.0128750790640083,0.0005069765103694,0.0124366756530026,0.0136593355550674,6.8,1,5,747.0,ARID2;CDK4;HNF1A;KMT2D;MDM2,"ARID2, CDK4, HNF1A, KMT2D, MDM2"
6,chr11:50000001-55000000,window,0.0126329578851884,0.0008956069874845,0.0116876111143583,0.0137881600638082,10.6,2,5,4.0,,
7,chr20q,arm,0.0126279291032523,0.0008626645679381,0.0115784560542201,0.0136452383510378,9.8,4,5,362.0,PTPRT,PTPRT
8,chr3p,arm,0.0125807214541045,0.0010549755108906,0.011377864882972,0.0135550735705464,10.0,3,5,512.0,CTNNB1;FHIT;MLH1;SETD2;VHL,"CTNNB1, FHIT, MLH1, SETD2, VHL"
9,chr10p,arm,0.0123538005916446,0.0003625657213225,0.0120984293804135,0.0129603448319862,12.0,3,5,153.0,,
10,chr2q,arm,0.0123325209041116,0.001081544839848,0.0111254384167179,0.0134536076187712,14.4,4,5,779.0,ERBB4;NFE2L2,"ERBB4, NFE2L2"
11,chr12p,arm,0.0122745349396089,0.0004200432848681,0.0118634703332714,0.0128463570733582,13.2,8,5,294.0,CDKN1B;KRAS,"CDKN1B, KRAS"
12,chr5p,arm,0.0122011983950708,0.0011253546014821,0.0105866426689631,0.013316314666184,14.8,5,5,157.0,,
13,chr19p,arm,0.0121929135031099,0.0006439748053569,0.0111185084913158,0.0127153772156881,13.6,6,5,641.0,KEAP1;SMARCA4;STK11,"KEAP1, SMARCA4, STK11"
14,chr4q,arm,0.0121879285872714,0.000548774786331,0.0117034956872869,0.0130015063574243,15.0,5,5,523.0,FBXW7,FBXW7
15,cx,other,0.0121598566931165,0.000573018918664,0.0114833358516731,0.0127666352810637,14.4,6,5,,,cx (complexity score — not a genomic locus)
16,chr18q,arm,0.0119521852274758,0.0006712081215319,0.0109495440651596,0.0127829821121829,18.4,5,5,201.0,BCL2;GATA6;SMAD4,"BCL2, GATA6, SMAD4"
17,chr7q,arm,0.0118307715663794,0.0007324258975206,0.0112666657409289,0.0130378480628792,20.8,9,5,634.0,CDK6;KMT2C;MET,"CDK6, KMT2C, MET"
18,chr6p,arm,0.0117996795062848,0.0007606725659383,0.0107875258580076,0.0125928644556223,20.2,7,5,621.0,VEGFA,VEGFA
19,chr5q,arm,0.0117849639121633,0.0007287341576906,0.0112298362572895,0.0129793307913132,18.6,2,5,737.0,APC,APC
20,chr21q,arm,0.0117635139931061,0.0005646984551075,0.0109568063485082,0.0124374940214075,20.6,11,5,220.0,RUNX1,RUNX1
21,chr16:35000001-40000000,window,0.0117025506974912,0.000564341877481,0.0112264910768745,0.0124584463061262,19.0,7,5,0.0,,
22,chr3q,arm,0.0116114242126337,0.0012812661896023,0.009832734025191,0.0128283599404561,22.4,12,5,572.0,BCL6;PIK3CA;SOX2,"BCL6, PIK3CA, SOX2"
23,chr13q,arm,0.0115882036930453,0.000433422033766,0.0111990646152423,0.0122267418743679,23.6,12,5,322.0,BRCA2;DCLK1;RB1,"BRCA2, DCLK1, RB1"
24,chr6q,arm,0.0115752588345024,0.0006987100519415,0.0109178803717021,0.0127035624115294,23.0,6,5,431.0,SYNE1,SYNE1
25,chr19q,arm,0.0115193952358602,0.0004546215988067,0.0109830797461008,0.0120511174522702,21.8,14,5,836.0,CCNE1,CCNE1
26,chr10q,arm,0.0114471638633601,0.0005339386168902,0.0107923567319388,0.0122148688931066,25.2,10,5,578.0,CTNNA3;FGFR2;PTEN,"CTNNA3, FGFR2, PTEN"
27,chr11p,arm,0.0114038140821837,0.0007847553770465,0.010598487929716,0.0123911853618952,25.8,13,5,450.0,TRIM44,TRIM44
28,chr2:90000001-95000000,window,0.0113240719897072,0.0005311816394462,0.0109070126123525,0.0119808477186745,26.8,20,5,2.0,,
29,chr16p,arm,0.0112914822532006,0.0005018034719199,0.0107176681510174,0.0120211578801128,27.6,15,5,472.0,CREBBP;PALB2,"CREBBP, PALB2"
30,chr2p,arm,0.0110354842304373,0.0004855334431459,0.0105718100152328,0.0118493034518129,30.4,22,5,473.0,MSH2,MSH2
31,chr14:90000001-95000000,window,0.0110021736090241,0.0002980434105051,0.0106799047445223,0.0113888345035175,30.0,21,5,55.0,,
32,chr14q,arm,0.0109969324271932,0.0005713764123168,0.0103920279080317,0.0116849266897202,31.2,21,5,619.0,,
33,chr22:50000001-50818468,window,0.010975611041885,0.0008898114739012,0.0096923880701344,0.011862689720977,30.0,18,5,32.0,,
34,chr7:60000001-65000000,window,0.0108846018456515,0.0008344965824761,0.0102309333204929,0.0123400097715668,32.6,14,5,11.0,,
35,chr22q,arm,0.0108415981485553,0.0008522748075431,0.0096796390601604,0.0118985515910208,32.0,20,5,447.0,CHEK2;EP300;NF2,"CHEK2, EP300, NF2"
36,chr8q,arm,0.0106946905512668,0.0009446227507097,0.00923208703155,0.0118648990580197,33.8,15,5,418.0,CCNE2;MYC,"CCNE2, MYC"
37,chr18p,arm,0.0106861037890739,0.0009136812349394,0.0095700206973952,0.0117681242533004,32.0,15,5,66.0,,
38,chr1:120000001-125000000,window,0.0105359038386647,0.0005637489282704,0.0099489401800883,0.0114387458760811,34.8,23,5,8.0,,
39,chr16q,arm,0.0104863934921378,0.000427091580938,0.0100250325548661,0.0111046176896921,38.2,30,5,384.0,CDH1;WWOX,"CDH1, WWOX"
40,chr15:20000001-25000000,window,0.0103662403615367,0.0008683593205122,0.009158023881753,0.0115301524646652,38.8,30,5,26.0,,
41,chr4p,arm,0.0102521284744482,0.001149829767555,0.0093208512273553,0.0122336546338175,38.6,16,5,234.0,,
42,chr1p,arm,0.0101779084686662,0.0004422792125385,0.0098122945907246,0.0108404712555765,39.6,34,5,1080.0,ARID1A,ARID1A
43,chr21:10000001-15000000,window,0.0096817640188905,0.000551623684557,0.008942901544329,0.0103697447236987,44.8,38,5,7.0,,
44,chr4:190000001-190214555,window,0.0095732174880422,0.0003978925873849,0.0092125606884583,0.0101566520084655,47.2,42,5,3.0,,
45,chr8:145000001-145138636,window,0.0095287476980943,0.0009684048069744,0.0079485679921613,0.010332921461684,45.6,35,5,1.0,,
46,chr9p,arm,0.0093643257544228,0.0006890889717971,0.0083366631517974,0.010258490089608,48.4,43,5,213.0,CDKN2A;CDKN2B,"CDKN2A, CDKN2B"
47,chr18:15000001-20000000,window,0.0092805398241018,0.0006914474023732,0.008518144659555,0.0099135057824926,49.0,42,5,0.0,,
48,chr15q,arm,0.0092289010012999,0.0014880573447914,0.0068587941662595,0.0106170479580279,49.0,40,5,603.0,RAD51,RAD51
49,chr13:15000001-20000000,window,0.0092270678642195,0.0003793470137792,0.008771789998215,0.0096733092996915,48.6,43,5,6.0,,
50,chr15:30000001-35000000,window,0.0090690911598815,0.0004510144187323,0.0086545006562092,0.0098268076007316,50.8,47,5,39.0,,
51,chr16:40000001-45000000,window,0.008733771224231,0.000241661022745,0.0085435923372601,0.0091425611288493,53.2,50,5,0.0,,
52,chr16:90000001-90338345,window,0.008733771224231,0.000241661022745,0.0085435923372601,0.0091425611288493,53.2,50,5,3.0,,
53,chr8:1-5000000,window,0.0087234102450875,0.0018451697056162,0.0055430808257932,0.0101829301586143,50.6,36,5,13.0,,
54,chr9q,arm,0.0086674880358671,0.0010683407673714,0.0069354843660645,0.0096786814810417,53.4,48,5,562.0,,
55,chr1q,arm,0.0086187353182483,0.0010914487533918,0.0073382460902218,0.0098925134364838,52.2,42,5,986.0,MCL1,MCL1
56,chr15:25000001-30000000,window,0.0084190178621544,0.0004200187327604,0.0080450131709749,0.0090895006984899,56.2,53,5,18.0,,
57,chr6:30000001-35000000,window,0.0083990117252496,0.0015543229844064,0.0073864358274479,0.011154970044392,53.6,30,5,174.0,,
58,chr9:40000001-45000000,window,0.0083558888528793,0.0008029016140125,0.0072862598252114,0.0094103243026428,55.4,51,5,4.0,,
59,chr6:25000001-30000000,window,0.0083071559821218,0.0009466074337687,0.0074885915709106,0.0099215519723051,55.6,45,5,124.0,,
60,chr8p,arm,0.0082451894566123,0.0014526512803872,0.0072321639439695,0.0106847681596563,55.4,39,5,287.0,GATA4,GATA4
61,chr17:35000001-40000000,window,0.0081997161870451,0.0022972858038799,0.0041548532044351,0.0096494081714819,55.8,44,5,102.0,ERBB2,ERBB2
62,chr17q,arm,0.0068056851770338,0.0012514546161884,0.0047429279831196,0.0079083855931526,65.6,60,5,840.0,BRCA1;ERBB2;NF1;SOX9,"BRCA1, ERBB2, NF1, SOX9"
63,chr1:125000001-130000000,window,0.0060905835512119,0.0004307063208141,0.005652200630294,0.006768036172721,65.2,61,5,0.0,,
64,chr1:140000001-145000000,window,0.0059477756526152,0.0002812322425767,0.0055610571547618,0.0062890017833059,65.2,63,5,6.0,,
65,chr1:135000001-140000000,window,0.0059116363573876,0.0004309393854802,0.0054663234906192,0.0063989452332669,67.6,62,5,0.0,,
66,chr14:95000001-100000000,window,0.0058618084316709,0.0002346666687515,0.005604982418202,0.0062325694509528,67.4,63,5,24.0,,
67,chr14:105000001-107043718,window,0.0058618084316709,0.0002346666687515,0.005604982418202,0.0062325694509528,67.4,63,5,15.0,,
68,chr14:100000001-105000000,window,0.0058618084316709,0.0002346666687515,0.005604982418202,0.0062325694509528,67.4,63,5,55.0,,
69,chr1:130000001-135000000,window,0.0058491091368456,0.0004061436221693,0.0053929197093631,0.0063656382856043,68.4,64,5,0.0,,
70,chr6:55000001-60000000,window,0.0057486735013438,0.0012082544333922,0.0038751664710777,0.007179247602845,67.8,60,5,12.0,,
71,chr9:60000001-65000000,window,0.0054715871680198,0.0004454843433526,0.0048829370012267,0.0059864126260483,70.4,65,5,3.0,,
72,chr9:45000001-50000000,window,0.0054715871680198,0.0004454843433526,0.0048829370012267,0.0059864126260483,70.4,65,5,0.0,,
73,chr9:50000001-55000000,window,0.0054715871680198,0.0004454843433526,0.0048829370012267,0.0059864126260483,70.4,65,5,0.0,,
74,chr9:55000001-60000000,window,0.0054715871680198,0.0004454843433526,0.0048829370012267,0.0059864126260483,70.4,65,5,0.0,,
75,chr6:1-5000000,window,0.0050260504028559,0.0004103613874877,0.0046298555138053,0.0055526084248312,75.8,68,5,27.0,,
76,chr6:5000001-10000000,window,0.0050260504028559,0.0004103613874877,0.0046298555138053,0.0055526084248312,75.8,68,5,20.0,,
77,chr6:10000001-15000000,window,0.0050260504028559,0.0004103613874877,0.0046298555138053,0.0055526084248312,75.8,68,5,28.0,,
78,chr6:15000001-20000000,window,0.0050260504028559,0.0004103613874877,0.0046298555138053,0.0055526084248312,75.8,68,5,18.0,,
79,chr6:20000001-25000000,window,0.0050260504028559,0.0004103613874877,0.0046298555138053,0.0055526084248312,75.8,68,5,19.0,,
80,chr6:35000001-40000000,window,0.0048933121019867,0.0006686046179504,0.0038751664710777,0.0057033692414853,76.0,73,5,56.0,,
81,chr6:40000001-45000000,window,0.0048933121019867,0.0006686046179504,0.0038751664710777,0.0057033692414853,76.0,73,5,88.0,VEGFA,VEGFA
82,chr6:45000001-50000000,window,0.0048933121019867,0.0006686046179504,0.0038751664710777,0.0057033692414853,76.0,73,5,30.0,,
83,chr6:50000001-55000000,window,0.0048933121019867,0.0006686046179504,0.0038751664710777,0.0057033692414853,76.0,73,5,29.0,,
84,chr17:30000001-35000000,window,0.0043092092640687,0.0003683050847585,0.003852117598172,0.0047642857107752,83.0,74,5,43.0,NF1,NF1
85,chr17:25000001-30000000,window,0.0043092092640687,0.0003683050847585,0.003852117598172,0.0047642857107752,83.0,74,5,53.0,,
86,chr13p,arm,0.0038936540910368,0.0002059720108025,0.0036476904462083,0.0042112850910593,87.0,83,5,0.0,,
87,chr22p,arm,0.0038936540910368,0.0002059720108025,0.0036476904462083,0.0042112850910593,87.0,83,5,0.0,,
88,chr21p,arm,0.0038936540910368,0.0002059720108025,0.0036476904462083,0.0042112850910593,87.0,83,5,1.0,,
89,chr14p,arm,0.0038936540910368,0.0002059720108025,0.0036476904462083,0.0042112850910593,87.0,83,5,0.0,,
90,chr15p,arm,0.0038936540910368,0.0002059720108025,0.0036476904462083,0.0042112850910593,87.0,83,5,0.0,,
91,chr8:15000001-20000000,window,0.0036152946128928,0.0004576894812587,0.0030402267901506,0.0042714542482067,90.2,86,5,22.0,,
92,chr8:20000001-25000000,window,0.0036152946128928,0.0004576894812587,0.0030402267901506,0.0042714542482067,90.2,86,5,50.0,,
93,chr8:25000001-30000000,window,0.0036152946128928,0.0004576894812587,0.0030402267901506,0.0042714542482067,90.2,86,5,32.0,,
94,chr8:30000001-35000000,window,0.0036152946128928,0.0004576894812587,0.0030402267901506,0.0042714542482067,90.2,86,5,20.0,,
95,chr8:35000001-40000000,window,0.0036152946128928,0.0004576894812587,0.0030402267901506,0.0042714542482067,90.2,86,5,31.0,,
96,chr8:40000001-45000000,window,0.0036152946128928,0.0004576894812587,0.0030402267901506,0.0042714542482067,90.2,86,5,28.0,,
97,chr8:10000001-15000000,window,0.0036152946128928,0.0004576894812587,0.0030402267901506,0.0042714542482067,90.2,86,5,33.0,GATA4,GATA4
98,chr8:5000001-10000000,window,0.0036152946128928,0.0004576894812587,0.0030402267901506,0.0042714542482067,90.2,86,5,61.0,,
99,chr14:10000001-15000000,window,0.0030324492798705,0.0005396704157682,0.0021709980414051,0.0035011953564169,109.4,91,5,0.0,,
100,chr17:60000001-65000000,window,0.0029395040551438,0.0003632199916352,0.0023209526407317,0.0032575217036521,105.4,99,5,54.0,,
101,chr17:55000001-60000000,window,0.0029395040551438,0.0003632199916352,0.0023209526407317,0.0032575217036521,105.4,99,5,54.0,,
102,chr17:80000001-83257441,window,0.0029395040551438,0.0003632199916352,0.0023209526407317,0.0032575217036521,105.4,99,5,77.0,,
103,chr17:50000001-55000000,window,0.0029395040551438,0.0003632199916352,0.0023209526407317,0.0032575217036521,105.4,99,5,35.0,,
104,chr17:45000001-50000000,window,0.0029395040551438,0.0003632199916352,0.0023209526407317,0.0032575217036521,105.4,99,5,84.0,,
105,chr17:40000001-45000000,window,0.0029395040551438,0.0003632199916352,0.0023209526407317,0.0032575217036521,105.4,99,5,185.0,BRCA1,BRCA1
106,chr17:65000001-70000000,window,0.0029395040551438,0.0003632199916352,0.0023209526407317,0.0032575217036521,105.4,99,5,29.0,,
107,chr17:70000001-75000000,window,0.0029395040551438,0.0003632199916352,0.0023209526407317,0.0032575217036521,105.4,99,5,37.0,SOX9,SOX9
108,chr17:75000001-80000000,window,0.0029395040551438,0.0003632199916352,0.0023209526407317,0.0032575217036521,105.4,99,5,93.0,,
109,chr15:65000001-70000000,window,0.0024408750562659,0.000497085507319,0.0021247381662188,0.0033159725797978,124.4,99,5,47.0,,
110,chr15:70000001-75000000,window,0.0024408750562659,0.000497085507319,0.0021247381662188,0.0033159725797978,124.4,99,5,55.0,,
111,chr15:55000001-60000000,window,0.0024408750562659,0.000497085507319,0.0021247381662188,0.0033159725797978,124.4,99,5,34.0,,
112,chr15:50000001-55000000,window,0.0024408750562659,0.000497085507319,0.0021247381662188,0.0033159725797978,124.4,99,5,30.0,,
113,chr15:45000001-50000000,window,0.0024408750562659,0.000497085507319,0.0021247381662188,0.0033159725797978,124.4,99,5,31.0,,
114,chr15:40000001-45000000,window,0.0024408750562659,0.000497085507319,0.0021247381662188,0.0033159725797978,124.4,99,5,103.0,RAD51,RAD51
115,chr15:35000001-40000000,window,0.0024408750562659,0.000497085507319,0.0021247381662188,0.0033159725797978,124.4,99,5,12.0,,
116,chr15:75000001-80000000,window,0.0024408750562659,0.000497085507319,0.0021247381662188,0.0033159725797978,124.4,99,5,52.0,,
117,chr15:80000001-85000000,window,0.0024408750562659,0.000497085507319,0.0021247381662188,0.0033159725797978,124.4,99,5,42.0,,
118,chr15:85000001-90000000,window,0.0024408750562659,0.000497085507319,0.0021247381662188,0.0033159725797978,124.4,99,5,32.0,,
119,chr15:100000001-101991189,window,0.0024408750562659,0.000497085507319,0.0021247381662188,0.0033159725797978,124.4,99,5,15.0,,
120,chr15:90000001-95000000,window,0.0024408750562659,0.000497085507319,0.0021247381662188,0.0033159725797978,124.4,99,5,30.0,,
121,chr15:95000001-100000000,window,0.0024408750562659,0.000497085507319,0.0021247381662188,0.0033159725797978,124.4,99,5,10.0,,
122,chr15:60000001-65000000,window,0.0024408750562659,0.000497085507319,0.0021247381662188,0.0033159725797978,124.4,99,5,35.0,,
123,chr14:15000001-20000000,window,0.0023438872794289,0.0001267535365716,0.0021709980414051,0.0024829852047731,121.2,100,5,13.0,,
124,chr22:5000001-10000000,window,0.0023438872794289,0.0001267535365716,0.0021709980414051,0.0024829852047731,121.2,100,5,0.0,,
125,chr14:5000001-10000000,window,0.0023438872794289,0.0001267535365716,0.0021709980414051,0.0024829852047731,121.2,100,5,0.0,,
126,chr15:5000001-10000000,window,0.0023438872794289,0.0001267535365716,0.0021709980414051,0.0024829852047731,121.2,100,5,0.0,,
127,chr22:10000001-15000000,window,0.0023438872794289,0.0001267535365716,0.0021709980414051,0.0024829852047731,121.2,100,5,0.0,,
128,chr22:1-5000000,window,0.0023438872794289,0.0001267535365716,0.0021709980414051,0.0024829852047731,121.2,100,5,0.0,,
129,chr21:5000001-10000000,window,0.0023438872794289,0.0001267535365716,0.0021709980414051,0.0024829852047731,121.2,100,5,0.0,,
130,chr14:1-5000000,window,0.0023438872794289,0.0001267535365716,0.0021709980414051,0.0024829852047731,121.2,100,5,0.0,,
131,chr21:1-5000000,window,0.0023438872794289,0.0001267535365716,0.0021709980414051,0.0024829852047731,121.2,100,5,0.0,,
132,chr13:1-5000000,window,0.0023438872794289,0.0001267535365716,0.0021709980414051,0.0024829852047731,121.2,100,5,0.0,,
133,chr13:5000001-10000000,window,0.0023438872794289,0.0001267535365716,0.0021709980414051,0.0024829852047731,121.2,100,5,0.0,,
134,chr13:10000001-15000000,window,0.0023438872794289,0.0001267535365716,0.0021709980414051,0.0024829852047731,121.2,100,5,0.0,,
135,chr15:15000001-20000000,window,0.0023438872794289,0.0001267535365716,0.0021709980414051,0.0024829852047731,121.2,100,5,0.0,,
136,chr15:10000001-15000000,window,0.0023438872794289,0.0001267535365716,0.0021709980414051,0.0024829852047731,121.2,100,5,0.0,,
137,chr15:1-5000000,window,0.0023438872794289,0.0001267535365716,0.0021709980414051,0.0024829852047731,121.2,100,5,0.0,,
138,chr14:40000001-45000000,window,0.0022996504755056,8.999722883997988e-05,0.0021667881361732,0.0024035275675372,120.4,109,5,5.0,,
139,chr14:20000001-25000000,window,0.0022996504755056,8.999722883997988e-05,0.0021667881361732,0.0024035275675372,120.4,109,5,144.0,,
140,chr14:45000001-50000000,window,0.0022996504755056,8.999722883997988e-05,0.0021667881361732,0.0024035275675372,120.4,109,5,18.0,,
141,chr14:25000001-30000000,window,0.0022996504755056,8.999722883997988e-05,0.0021667881361732,0.0024035275675372,120.4,109,5,4.0,,
142,chr14:30000001-35000000,window,0.0022996504755056,8.999722883997988e-05,0.0021667881361732,0.0024035275675372,120.4,109,5,22.0,,
143,chr14:85000001-90000000,window,0.0022996504755056,8.999722883997988e-05,0.0021667881361732,0.0024035275675372,120.4,109,5,12.0,,
144,chr14:80000001-85000000,window,0.0022996504755056,8.999722883997988e-05,0.0021667881361732,0.0024035275675372,120.4,109,5,6.0,,
145,chr14:75000001-80000000,window,0.0022996504755056,8.999722883997988e-05,0.0021667881361732,0.0024035275675372,120.4,109,5,39.0,,
146,chr14:35000001-40000000,window,0.0022996504755056,8.999722883997988e-05,0.0021667881361732,0.0024035275675372,120.4,109,5,27.0,,
147,chr14:65000001-70000000,window,0.0022996504755056,8.999722883997988e-05,0.0021667881361732,0.0024035275675372,120.4,109,5,34.0,,
148,chr14:60000001-65000000,window,0.0022996504755056,8.999722883997988e-05,0.0021667881361732,0.0024035275675372,120.4,109,5,40.0,,
149,chr14:55000001-60000000,window,0.0022996504755056,8.999722883997988e-05,0.0021667881361732,0.0024035275675372,120.4,109,5,33.0,,
150,chr14:50000001-55000000,window,0.0022996504755056,8.999722883997988e-05,0.0021667881361732,0.0024035275675372,120.4,109,5,35.0,,
151,chr14:70000001-75000000,window,0.0022996504755056,8.999722883997988e-05,0.0021667881361732,0.0024035275675372,120.4,109,5,52.0,,
152,chr1:20000001-25000000,window,0.0016508422318058,0.0004291645561443,0.0010726897023462,0.0021727269357936,155.6,152,5,69.0,,
153,chr1:1-5000000,window,0.0014500347088789,0.0007871793185177,0.0004796519340466,0.0022945355184282,155.2,123,5,78.0,,
154,chr1:25000001-30000000,window,0.0013881279148262,0.0004058957364647,0.0010640787458557,0.0020025720955695,158.0,152,5,84.0,ARID1A,ARID1A
155,chr1:15000001-20000000,window,0.0013358190575417,0.0004213674854356,0.0007131827863066,0.0018049881285854,158.4,154,5,68.0,,
156,chr1:40000001-45000000,window,0.0013188985392587,0.000300993543228,0.0008876113659533,0.0015926395903984,159.0,153,5,78.0,,
157,chr1:50000001-55000000,window,0.0013002957481598,0.0002991505767001,0.0008180391135726,0.0015356497486582,159.4,154,5,61.0,,
158,chr1:10000001-15000000,window,0.0012263693926795,0.0005757647058352,0.0004023713448381,0.0018985807673181,162.0,153,5,71.0,,
159,chr1:70000001-75000000,window,0.0011763385552137,0.000437892645401,0.0007546533865829,0.0016800061386222,162.4,155,5,16.0,,
160,chr1:75000001-80000000,window,0.0011700910511544,0.0003528637730469,0.0006516314605394,0.0016179852803956,162.4,155,5,21.0,,
161,chr1:30000001-35000000,window,0.0011617250348742,0.0005228844190546,0.0005021827293444,0.0019381330812214,163.6,152,5,67.0,,
162,chr1:95000001-100000000,window,0.0011019125044446,0.0003882367212319,0.0006196825400473,0.0015704937963465,163.4,154,5,14.0,,
163,chr1:5000001-10000000,window,0.0010900341820968,0.0004941200818514,0.0006860158604092,0.001939841752344,164.6,154,5,45.0,,
164,chr1:35000001-40000000,window,0.0010825902531715,0.0003730197646452,0.0005531289113112,0.0015254709151978,163.6,153,5,65.0,,
165,chr1:105000001-110000000,window,0.0010392955384393,0.0003101661173696,0.0007012169924488,0.0013924412022173,164.4,160,5,41.0,,
166,chr1:100000001-105000000,window,0.00102701588925,0.000294796294972,0.0007089599000982,0.0013877194114336,166.6,155,5,23.0,,
167,chr1:65000001-70000000,window,0.0009998971953211,0.0002948864475983,0.0006780945896427,0.00139798533525,165.8,158,5,23.0,,
168,chr1:60000001-65000000,window,0.0009833752367763,0.0002576011708507,0.0007587315229843,0.0013971395472664,166.0,159,5,20.0,,
169,chr1:45000001-50000000,window,0.0009759608691848,0.0002992619359407,0.0006415719987345,0.0013702967743066,166.8,161,5,53.0,,
170,chr1:80000001-85000000,window,0.0009662683637808,0.0002119061763878,0.0006575883327481,0.001167041784849,166.0,159,5,13.0,,
171,chr1:90000001-95000000,window,0.0009532540168742,0.0001165157675558,0.0007882371815558,0.0010558272294198,166.8,161,5,32.0,,
172,chr1:85000001-90000000,window,0.0009403154486926,0.0001341460774749,0.0008025676458405,0.0011150296193329,166.2,164,5,35.0,,
173,chr1:55000001-60000000,window,0.000893861929221,0.0001549468353348,0.0007126120407287,0.0011301336883313,168.2,158,5,18.0,,
174,chr1:110000001-115000000,window,0.0008074570131705,0.000132518833646,0.0006666597321114,0.0010161288923141,169.2,162,5,60.0,,
175,chr1:115000001-120000000,window,0.000695007274084,0.0001500030057372,0.0005200332169689,0.0008667694739708,171.0,163,5,33.0,,
176,chr1:145000001-150000000,window,0.0005531775571682,0.0001521442030521,0.0003308821583391,0.0007461448678377,175.2,167,5,63.0,,
177,chr1:150000001-155000000,window,0.0005321994861021,0.0002066058688958,0.0003004480618079,0.0008511428153065,176.6,169,5,160.0,MCL1,MCL1
178,chr1:160000001-165000000,window,0.0004489566635918,0.0002280629806795,0.0001880534143778,0.0008145630293998,178.2,172,5,74.0,,
179,chr1:155000001-160000000,window,0.0004153461089392,0.0002526724459208,0.0001551720113609,0.0007760960351943,180.8,173,5,127.0,,
180,chr1:175000001-180000000,window,0.0003348943383635,0.0001090231448664,0.0002236552296849,0.0004848923557281,181.6,179,5,27.0,,
181,chr1:165000001-170000000,window,0.000326287450732,0.0002235527947237,0.0001611602203446,0.0007001082082758,183.8,175,5,42.0,,
182,chr1:195000001-200000000,window,0.0003113283932144,0.0001131654983111,0.0002053157056336,0.0004904281084538,182.2,177,5,18.0,,
183,chr1:180000001-185000000,window,0.0002929705865753,6.63879103101854e-05,0.0002249888436935,0.0003802544679755,182.4,180,5,33.0,,
184,chr1:215000001-220000000,window,0.000268413064391,5.488720249583779e-05,0.0001873034087555,0.0003241933716718,183.6,181,5,12.0,,
185,chr1:170000001-175000000,window,0.0002635477581178,0.0001816802068122,0.0001111589118942,0.0005759795589001,186.6,179,5,36.0,,
186,chr1:190000001-195000000,window,0.0002531261035414,2.9022455694099765e-05,0.0002242106457346,0.0002929604050555,184.6,178,5,11.0,,
187,chr1:205000001-210000000,window,0.0002374391269267,4.538248767335884e-05,0.0001634171544619,0.0002806056558901,184.6,179,5,59.0,,
188,chr1:185000001-190000000,window,0.0002294739276557,7.319682063168828e-05,0.0001677398971559,0.0003330453677693,185.8,181,5,11.0,,
189,chr1:210000001-215000000,window,0.0001960833480394,0.0001086473722313,6.02829502023755e-05,0.0003592556040036,188.2,181,5,30.0,,
190,chr1:200000001-205000000,window,0.0001688171223851,5.5521956321290135e-05,0.0001054551953654,0.0002493936281631,189.6,186,5,65.0,,
191,chr1:225000001-230000000,window,0.0001473529484938,7.500868252423923e-05,6.462183709447616e-05,0.0002359654330002,190.8,187,5,49.0,,
192,chr1:220000001-225000000,window,0.0001444616889798,7.355729733882664e-05,4.283318768172434e-05,0.0002355900501819,190.6,186,5,31.0,,
193,chr1:240000001-245000000,window,0.0001142216592443,5.337570823108615e-05,4.019498117497248e-05,0.0001750061255028,192.8,191,5,24.0,,
194,chr1:230000001-235000000,window,0.0001139172774723,1.2993321160169255e-05,0.0001036788773136,0.0001335585544893,193.0,191,5,29.0,,
195,chr1:235000001-240000000,window,0.0001103945505412,9.150828266456814e-05,3.509222797764696e-05,0.0002640543871925,193.2,185,5,21.0,,
196,chr1:245000001-248956422,window,4.558137808042829e-05,4.900983249889989e-05,1.3578084178487973e-05,0.0001318166535453,195.8,194,5,69.0,,
197,chr10:1-5000000,window,2.221902911789912e-05,1.8612902626767225e-05,1.1427936316279053e-05,5.525006597601923e-05,197.2,196,5,15.0,,
198,chr10:5000001-10000000,window,1.1892455095699068e-05,1.0242204362485e-05,3.456447768554327e-14,2.6059484883342583e-05,197.4,196,5,26.0,,
199,chr10:10000001-15000000,window,1.706926565959945e-14,1.5393504892648114e-14,6.186511467421652e-16,3.790834701308794e-14,199.0,199,5,26.0,,
200,chr10:15000001-20000000,window,9.622949308066732e-17,7.224015099308537e-17,8.921272445094638e-18,1.927265190144911e-16,200.2,200,5,24.0,,
201,chr10:20000001-25000000,window,8.743427022553536e-18,4.0932263715089e-18,4.12731163819845e-18,1.5039019577180876e-17,201.6,201,5,20.0,,
202,chr10:30000001-35000000,window,3.2842004781338773e-18,1.4237001009472041e-18,1.1321709616665124e-18,4.811497098854239e-18,203.0,201,5,13.0,,
203,chr10:50000001-55000000,window,2.9002322463948997e-18,3.912530363528165e-18,7.055357248122147e-19,9.862910111746173e-18,208.0,200,5,12.0,,
204,chr10:25000001-30000000,window,2.8849018958198273e-18,2.286791170917708e-18,1.662679551489229e-18,6.939855996468437e-18,204.0,202,5,21.0,,
205,chr10:35000001-40000000,window,2.2751721029411345e-18,1.0405078985716632e-18,1.62759919574531e-18,4.109507090610332e-18,204.8,204,5,11.0,,
206,chr10:40000001-45000000,window,1.8006552106756616e-18,4.530586333246439e-19,1.271193703456492e-18,2.2747971638540413e-18,205.6,203,5,15.0,,
207,chr10:55000001-60000000,window,1.557378550527656e-18,5.366880584396271e-19,8.638572537365484e-19,2.2408976006705948e-18,207.2,202,5,12.0,,
208,chr10:65000001-70000000,window,1.4706648697173165e-18,6.35679200260831e-19,6.029822579462697e-19,2.368677607045327e-18,208.4,204,5,29.0,CTNNA3,CTNNA3
209,chr10:45000001-50000000,window,1.334674064068931e-18,2.680279766097645e-19,9.083428040159285e-19,1.6144041785261289e-18,208.0,207,5,45.0,,
210,chr10:60000001-65000000,window,1.2504608403037733e-18,9.493854689834426e-19,6.458931019468736e-19,2.929348352380225e-18,211.0,206,5,14.0,,
211,chr10:75000001-80000000,window,1.109437200357565e-18,1.7781078815330916e-19,8.964836830468692e-19,1.3100627098693476e-18,210.6,208,5,23.0,,
212,chr10:85000001-90000000,window,9.725802118004038e-19,5.19595212274691e-19,3.7120350153235954e-19,1.6458513426015594e-18,211.6,206,5,40.0,PTEN,PTEN
213,chr10:80000001-85000000,window,7.901121253536115e-19,4.2227641897800644e-19,3.0744663407552266e-19,1.4326937465830225e-18,212.2,207,5,17.0,,
214,chr10:70000001-75000000,window,7.859498674659807e-19,3.0997309968200865e-19,4.859370351327907e-19,1.2891719734426013e-18,212.4,210,5,57.0,,
215,chr10:90000001-95000000,window,6.030727594824061e-19,3.536552311934307e-19,2.2002577903557e-19,9.935139789953464e-19,214.6,213,5,33.0,,
216,chr10:95000001-100000000,window,5.472803268707527e-19,5.571871220163239e-19,1.1796839828284893e-19,1.3868136152716686e-18,215.2,209,5,57.0,,
217,chr10:105000001-110000000,window,4.1753747528515904e-19,3.3840800527532474e-19,6.451192941756626e-20,8.029544840252598e-19,216.4,215,5,4.0,,
218,chr10:100000001-105000000,window,3.5534701062829666e-19,2.8249202115163664e-19,8.192042415403161e-20,7.999005014157783e-19,216.8,214,5,79.0,,
219,chr10:110000001-115000000,window,1.4213973763200362e-19,1.1396108272301088e-19,7.033560595978068e-20,3.4309256079407823e-19,218.4,217,5,30.0,,
220,chr5:35000001-40000000,window,0.0,0.0,0.0,0.0,220.0,220,5,24.0,,
221,chr5:20000001-25000000,window,0.0,0.0,0.0,0.0,220.0,220,5,5.0,,
222,chr5:30000001-35000000,window,0.0,0.0,0.0,0.0,220.0,220,5,24.0,,
223,chr5:25000001-30000000,window,0.0,0.0,0.0,0.0,220.0,220,5,1.0,,
224,chr5:180000001-181538259,window,0.0,0.0,0.0,0.0,220.0,220,5,20.0,,
225,chr5:175000001-180000000,window,0.0,0.0,0.0,0.0,220.0,220,5,76.0,,
226,chr5:45000001-50000000,window,0.0,0.0,0.0,0.0,220.0,220,5,1.0,,
227,chr5:170000001-175000000,window,0.0,0.0,0.0,0.0,220.0,220,5,31.0,,
228,chr5:165000001-170000000,window,0.0,0.0,0.0,0.0,220.0,220,5,9.0,,
229,chr5:160000001-165000000,window,0.0,0.0,0.0,0.0,220.0,220,5,17.0,,
230,chr5:155000001-160000000,window,0.0,0.0,0.0,0.0,220.0,220,5,24.0,,
231,chr5:15000001-20000000,window,0.0,0.0,0.0,0.0,220.0,220,5,23.0,,
232,chr5:150000001-155000000,window,0.0,0.0,0.0,0.0,220.0,220,5,44.0,,
233,chr5:145000001-150000000,window,0.0,0.0,0.0,0.0,220.0,220,5,39.0,,
234,chr5:140000001-145000000,window,0.0,0.0,0.0,0.0,220.0,220,5,97.0,,
235,chr5:40000001-45000000,window,0.0,0.0,0.0,0.0,220.0,220,5,26.0,,
236,chr5:60000001-65000000,window,0.0,0.0,0.0,0.0,220.0,220,5,18.0,,
237,chr5:50000001-55000000,window,0.0,0.0,0.0,0.0,220.0,220,5,13.0,,
238,chr11:135000001-135086622,window,0.0,0.0,0.0,0.0,220.0,220,5,0.0,,
239,chr6:155000001-160000000,window,0.0,0.0,0.0,0.0,220.0,220,5,27.0,,
240,chr11:130000001-135000000,window,0.0,0.0,0.0,0.0,220.0,220,5,19.0,,
241,chr6:150000001-155000000,window,0.0,0.0,0.0,0.0,220.0,220,5,24.0,SYNE1,SYNE1
242,chr6:145000001-150000000,window,0.0,0.0,0.0,0.0,220.0,220,5,25.0,,
243,chr6:140000001-145000000,window,0.0,0.0,0.0,0.0,220.0,220,5,18.0,,
244,chr6:135000001-140000000,window,0.0,0.0,0.0,0.0,220.0,220,5,28.0,,
245,chr6:130000001-135000000,window,0.0,0.0,0.0,0.0,220.0,220,5,33.0,,
246,chr6:125000001-130000000,window,0.0,0.0,0.0,0.0,220.0,220,5,20.0,,
247,chr6:120000001-125000000,window,0.0,0.0,0.0,0.0,220.0,220,5,11.0,,
248,chr6:115000001-120000000,window,0.0,0.0,0.0,0.0,220.0,220,5,31.0,,
249,chr6:110000001-115000000,window,0.0,0.0,0.0,0.0,220.0,220,5,23.0,,
250,chr6:105000001-110000000,window,0.0,0.0,0.0,0.0,220.0,220,5,32.0,,
251,chr6:100000001-105000000,window,0.0,0.0,0.0,0.0,220.0,220,5,5.0,,
252,chr5:5000001-10000000,window,0.0,0.0,0.0,0.0,220.0,220,5,13.0,,
253,chr11:15000001-20000000,window,0.0,0.0,0.0,0.0,220.0,220,5,42.0,,
254,chr11:20000001-25000000,window,0.0,0.0,0.0,0.0,220.0,220,5,13.0,,
255,chr11:25000001-30000000,window,0.0,0.0,0.0,0.0,220.0,220,5,12.0,,
256,chr5:95000001-100000000,window,0.0,0.0,0.0,0.0,220.0,220,5,20.0,,
257,chr5:90000001-95000000,window,0.0,0.0,0.0,0.0,220.0,220,5,12.0,,
258,chr5:85000001-90000000,window,0.0,0.0,0.0,0.0,220.0,220,5,5.0,,
259,chr5:80000001-85000000,window,0.0,0.0,0.0,0.0,220.0,220,5,20.0,,
260,chr5:75000001-80000000,window,0.0,0.0,0.0,0.0,220.0,220,5,35.0,,
261,chr5:70000001-75000000,window,0.0,0.0,0.0,0.0,220.0,220,5,29.0,,
262,chr5:65000001-70000000,window,0.0,0.0,0.0,0.0,220.0,220,5,28.0,,
263,chr5:130000001-135000000,window,0.0,0.0,0.0,0.0,220.0,220,5,54.0,,
264,chr5:55000001-60000000,window,0.0,0.0,0.0,0.0,220.0,220,5,24.0,,
265,chr5:135000001-140000000,window,0.0,0.0,0.0,0.0,220.0,220,5,52.0,,
266,chr17:5000001-10000000,window,0.0,0.0,0.0,0.0,220.0,220,5,138.0,TP53,TP53
267,chr5:125000001-130000000,window,0.0,0.0,0.0,0.0,220.0,220,5,18.0,,
268,chr4:140000001-145000000,window,0.0,0.0,0.0,0.0,220.0,220,5,21.0,,
269,chr4:185000001-190000000,window,0.0,0.0,0.0,0.0,220.0,220,5,24.0,,
270,chr4:180000001-185000000,window,0.0,0.0,0.0,0.0,220.0,220,5,16.0,,
271,chr4:175000001-180000000,window,0.0,0.0,0.0,0.0,220.0,220,5,8.0,,
272,chr4:170000001-175000000,window,0.0,0.0,0.0,0.0,220.0,220,5,13.0,,
273,chr4:165000001-170000000,window,0.0,0.0,0.0,0.0,220.0,220,5,19.0,,
274,chr4:160000001-165000000,window,0.0,0.0,0.0,0.0,220.0,220,5,10.0,,
275,chr4:155000001-160000000,window,0.0,0.0,0.0,0.0,220.0,220,5,19.0,,
276,chr4:15000001-20000000,window,0.0,0.0,0.0,0.0,220.0,220,5,20.0,,
277,chr4:150000001-155000000,window,0.0,0.0,0.0,0.0,220.0,220,5,27.0,FBXW7,FBXW7
278,chr4:145000001-150000000,window,0.0,0.0,0.0,0.0,220.0,220,5,19.0,,
279,chr4:135000001-140000000,window,0.0,0.0,0.0,0.0,220.0,220,5,11.0,,
280,chr4:20000001-25000000,window,0.0,0.0,0.0,0.0,220.0,220,5,10.0,,
281,chr4:130000001-135000000,window,0.0,0.0,0.0,0.0,220.0,220,5,2.0,,
282,chr4:125000001-130000000,window,0.0,0.0,0.0,0.0,220.0,220,5,12.0,,
283,chr4:120000001-125000000,window,0.0,0.0,0.0,0.0,220.0,220,5,21.0,,
284,chr4:115000001-120000000,window,0.0,0.0,0.0,0.0,220.0,220,5,12.0,,
285,chr4:110000001-115000000,window,0.0,0.0,0.0,0.0,220.0,220,5,16.0,,
286,chr4:105000001-110000000,window,0.0,0.0,0.0,0.0,220.0,220,5,29.0,,
287,chr4:10000001-15000000,window,0.0,0.0,0.0,0.0,220.0,220,5,8.0,,
288,chr4:100000001-105000000,window,0.0,0.0,0.0,0.0,220.0,220,5,15.0,,
289,chr4:1-5000000,window,0.0,0.0,0.0,0.0,220.0,220,5,64.0,,
290,chr11:45000001-50000000,window,0.0,0.0,0.0,0.0,220.0,220,5,58.0,,
291,chr11:40000001-45000000,window,0.0,0.0,0.0,0.0,220.0,220,5,13.0,,
292,chr4:25000001-30000000,window,0.0,0.0,0.0,0.0,220.0,220,5,12.0,,
293,chr5:120000001-125000000,window,0.0,0.0,0.0,0.0,220.0,220,5,14.0,,
294,chr4:85000001-90000000,window,0.0,0.0,0.0,0.0,220.0,220,5,33.0,,
295,chr5:115000001-120000000,window,0.0,0.0,0.0,0.0,220.0,220,5,19.0,,
296,chr5:110000001-115000000,window,0.0,0.0,0.0,0.0,220.0,220,5,17.0,APC,APC
297,chr6:160000001-165000000,window,0.0,0.0,0.0,0.0,220.0,220,5,11.0,,
298,chr5:10000001-15000000,window,0.0,0.0,0.0,0.0,220.0,220,5,13.0,,
299,chr5:100000001-105000000,window,0.0,0.0,0.0,0.0,220.0,220,5,10.0,,
300,chr5:1-5000000,window,0.0,0.0,0.0,0.0,220.0,220,5,29.0,,
301,chr11:30000001-35000000,window,0.0,0.0,0.0,0.0,220.0,220,5,34.0,,
302,chr11:35000001-40000000,window,0.0,0.0,0.0,0.0,220.0,220,5,13.0,TRIM44,TRIM44
303,chr4:95000001-100000000,window,0.0,0.0,0.0,0.0,220.0,220,5,23.0,,
304,chr4:90000001-95000000,window,0.0,0.0,0.0,0.0,220.0,220,5,7.0,,
305,chr4:80000001-85000000,window,0.0,0.0,0.0,0.0,220.0,220,5,26.0,,
306,chr4:30000001-35000000,window,0.0,0.0,0.0,0.0,220.0,220,5,1.0,,
307,chr4:75000001-80000000,window,0.0,0.0,0.0,0.0,220.0,220,5,35.0,,
308,chr4:70000001-75000000,window,0.0,0.0,0.0,0.0,220.0,220,5,47.0,,
309,chr4:65000001-70000000,window,0.0,0.0,0.0,0.0,220.0,220,5,27.0,,
310,chr4:60000001-65000000,window,0.0,0.0,0.0,0.0,220.0,220,5,2.0,,
311,chr4:55000001-60000000,window,0.0,0.0,0.0,0.0,220.0,220,5,23.0,,
312,chr4:5000001-10000000,window,0.0,0.0,0.0,0.0,220.0,220,5,56.0,,
313,chr4:50000001-55000000,window,0.0,0.0,0.0,0.0,220.0,220,5,15.0,,
314,chr4:45000001-50000000,window,0.0,0.0,0.0,0.0,220.0,220,5,20.0,,
315,chr4:40000001-45000000,window,0.0,0.0,0.0,0.0,220.0,220,5,21.0,,
316,chr4:35000001-40000000,window,0.0,0.0,0.0,0.0,220.0,220,5,24.0,,
317,chr5:105000001-110000000,window,0.0,0.0,0.0,0.0,220.0,220,5,5.0,,
318,chr11:1-5000000,window,0.0,0.0,0.0,0.0,220.0,220,5,127.0,,
319,chr6:165000001-170000000,window,0.0,0.0,0.0,0.0,220.0,220,5,28.0,,
320,chr8:100000001-105000000,window,0.0,0.0,0.0,0.0,220.0,220,5,30.0,,
321,chr9:10000001-15000000,window,0.0,0.0,0.0,0.0,220.0,220,5,8.0,,
322,chr9:100000001-105000000,window,0.0,0.0,0.0,0.0,220.0,220,5,29.0,,
323,chr9:1-5000000,window,0.0,0.0,0.0,0.0,220.0,220,5,22.0,,
324,chr8:95000001-100000000,window,0.0,0.0,0.0,0.0,220.0,220,5,24.0,,
325,chr8:90000001-95000000,window,0.0,0.0,0.0,0.0,220.0,220,5,27.0,CCNE2,CCNE2
326,chr8:85000001-90000000,window,0.0,0.0,0.0,0.0,220.0,220,5,20.0,,
327,chr8:80000001-85000000,window,0.0,0.0,0.0,0.0,220.0,220,5,17.0,,
328,chr8:75000001-80000000,window,0.0,0.0,0.0,0.0,220.0,220,5,11.0,,
329,chr8:70000001-75000000,window,0.0,0.0,0.0,0.0,220.0,220,5,24.0,,
330,chr8:65000001-70000000,window,0.0,0.0,0.0,0.0,220.0,220,5,26.0,,
331,chr8:60000001-65000000,window,0.0,0.0,0.0,0.0,220.0,220,5,11.0,,
332,chr8:55000001-60000000,window,0.0,0.0,0.0,0.0,220.0,220,5,17.0,,
333,chr8:50000001-55000000,window,0.0,0.0,0.0,0.0,220.0,220,5,15.0,,
334,chr8:45000001-50000000,window,0.0,0.0,0.0,0.0,220.0,220,5,9.0,,
335,chr8:140000001-145000000,window,0.0,0.0,0.0,0.0,220.0,220,5,105.0,,
336,chr8:135000001-140000000,window,0.0,0.0,0.0,0.0,220.0,220,5,5.0,,
337,chr8:130000001-135000000,window,0.0,0.0,0.0,0.0,220.0,220,5,17.0,,
338,chr8:125000001-130000000,window,0.0,0.0,0.0,0.0,220.0,220,5,9.0,MYC,MYC
339,chr8:120000001-125000000,window,0.0,0.0,0.0,0.0,220.0,220,5,28.0,,
340,chr8:115000001-120000000,window,0.0,0.0,0.0,0.0,220.0,220,5,17.0,,
341,chr8:110000001-115000000,window,0.0,0.0,0.0,0.0,220.0,220,5,1.0,,
342,chr9:105000001-110000000,window,0.0,0.0,0.0,0.0,220.0,220,5,18.0,,
343,chr9:110000001-115000000,window,0.0,0.0,0.0,0.0,220.0,220,5,52.0,,
344,chr9:115000001-120000000,window,0.0,0.0,0.0,0.0,220.0,220,5,7.0,,
345,chr10:120000001-125000000,window,0.0,0.0,0.0,0.0,220.0,220,5,36.0,FGFR2,FGFR2
346,chr9:95000001-100000000,window,0.0,0.0,0.0,0.0,220.0,220,5,39.0,,
347,chr9:90000001-95000000,window,0.0,0.0,0.0,0.0,220.0,220,5,32.0,,
348,chr9:85000001-90000000,window,0.0,0.0,0.0,0.0,220.0,220,5,23.0,,
349,chr9:80000001-85000000,window,0.0,0.0,0.0,0.0,220.0,220,5,15.0,,
350,chr9:75000001-80000000,window,0.0,0.0,0.0,0.0,220.0,220,5,14.0,,
351,chr9:70000001-75000000,window,0.0,0.0,0.0,0.0,220.0,220,5,17.0,,
352,chr9:65000001-70000000,window,0.0,0.0,0.0,0.0,220.0,220,5,20.0,,
353,chr10:115000001-120000000,window,0.0,0.0,0.0,0.0,220.0,220,5,32.0,,
354,chr9:5000001-10000000,window,0.0,0.0,0.0,0.0,220.0,220,5,20.0,,
355,chr10:125000001-130000000,window,0.0,0.0,0.0,0.0,220.0,220,5,19.0,,
356,chr9:120000001-125000000,window,0.0,0.0,0.0,0.0,220.0,220,5,56.0,,
357,chr10:130000001-133797422,window,0.0,0.0,0.0,0.0,220.0,220,5,33.0,,
358,chr9:35000001-40000000,window,0.0,0.0,0.0,0.0,220.0,220,5,61.0,,
359,chr9:30000001-35000000,window,0.0,0.0,0.0,0.0,220.0,220,5,48.0,,
360,chr9:25000001-30000000,window,0.0,0.0,0.0,0.0,220.0,220,5,11.0,,
361,chr9:20000001-25000000,window,0.0,0.0,0.0,0.0,220.0,220,5,26.0,CDKN2A;CDKN2B,"CDKN2A, CDKN2B"
362,chr9:15000001-20000000,window,0.0,0.0,0.0,0.0,220.0,220,5,16.0,,
363,chr9:135000001-138394717,window,0.0,0.0,0.0,0.0,220.0,220,5,94.0,,
364,chr9:130000001-135000000,window,0.0,0.0,0.0,0.0,220.0,220,5,67.0,,
365,chr9:125000001-130000000,window,0.0,0.0,0.0,0.0,220.0,220,5,84.0,,
366,chr8:105000001-110000000,window,0.0,0.0,0.0,0.0,220.0,220,5,16.0,,
367,chr7:95000001-100000000,window,0.0,0.0,0.0,0.0,220.0,220,5,52.0,,
368,chr6:170000001-170805979,window,0.0,0.0,0.0,0.0,220.0,220,5,5.0,,
369,chr7:90000001-95000000,window,0.0,0.0,0.0,0.0,220.0,220,5,38.0,CDK6,CDK6
370,chr7:110000001-115000000,window,0.0,0.0,0.0,0.0,220.0,220,5,15.0,,
371,chr7:105000001-110000000,window,0.0,0.0,0.0,0.0,220.0,220,5,30.0,,
372,chr7:10000001-15000000,window,0.0,0.0,0.0,0.0,220.0,220,5,10.0,,
373,chr7:100000001-105000000,window,0.0,0.0,0.0,0.0,220.0,220,5,95.0,,
374,chr7:1-5000000,window,0.0,0.0,0.0,0.0,220.0,220,5,44.0,,
375,chr6:95000001-100000000,window,0.0,0.0,0.0,0.0,220.0,220,5,17.0,,
376,chr6:90000001-95000000,window,0.0,0.0,0.0,0.0,220.0,220,5,3.0,,
377,chr6:85000001-90000000,window,0.0,0.0,0.0,0.0,220.0,220,5,32.0,,
378,chr6:80000001-85000000,window,0.0,0.0,0.0,0.0,220.0,220,5,17.0,,
379,chr6:75000001-80000000,window,0.0,0.0,0.0,0.0,220.0,220,5,15.0,,
380,chr6:70000001-75000000,window,0.0,0.0,0.0,0.0,220.0,220,5,21.0,,
381,chr6:65000001-70000000,window,0.0,0.0,0.0,0.0,220.0,220,5,6.0,,
382,chr6:60000001-65000000,window,0.0,0.0,0.0,0.0,220.0,220,5,7.0,,
383,chr3:95000001-100000000,window,0.0,0.0,0.0,0.0,220.0,220,5,26.0,,
384,chr11:100000001-105000000,window,0.0,0.0,0.0,0.0,220.0,220,5,27.0,,
385,chr11:10000001-15000000,window,0.0,0.0,0.0,0.0,220.0,220,5,30.0,,
386,chr11:105000001-110000000,window,0.0,0.0,0.0,0.0,220.0,220,5,25.0,ATM,ATM
387,chr11:110000001-115000000,window,0.0,0.0,0.0,0.0,220.0,220,5,51.0,,
388,chr11:115000001-120000000,window,0.0,0.0,0.0,0.0,220.0,220,5,69.0,,
389,chr11:120000001-125000000,window,0.0,0.0,0.0,0.0,220.0,220,5,60.0,,
390,chr11:125000001-130000000,window,0.0,0.0,0.0,0.0,220.0,220,5,36.0,CHEK1,CHEK1
391,chr7:115000001-120000000,window,0.0,0.0,0.0,0.0,220.0,220,5,15.0,MET,MET
392,chr7:120000001-125000000,window,0.0,0.0,0.0,0.0,220.0,220,5,25.0,,
393,chr7:125000001-130000000,window,0.0,0.0,0.0,0.0,220.0,220,5,32.0,,
394,chr7:40000001-45000000,window,0.0,0.0,0.0,0.0,220.0,220,5,38.0,,
395,chr7:85000001-90000000,window,0.0,0.0,0.0,0.0,220.0,220,5,16.0,,
396,chr7:80000001-85000000,window,0.0,0.0,0.0,0.0,220.0,220,5,10.0,,
397,chr7:75000001-80000000,window,0.0,0.0,0.0,0.0,220.0,220,5,37.0,,
398,chr7:70000001-75000000,window,0.0,0.0,0.0,0.0,220.0,220,5,40.0,,
399,chr7:65000001-70000000,window,0.0,0.0,0.0,0.0,220.0,220,5,17.0,,
400,chr7:55000001-60000000,window,0.0,0.0,0.0,0.0,220.0,220,5,16.0,EGFR,EGFR
401,chr7:5000001-10000000,window,0.0,0.0,0.0,0.0,220.0,220,5,40.0,,
402,chr7:50000001-55000000,window,0.0,0.0,0.0,0.0,220.0,220,5,10.0,,
403,chr7:45000001-50000000,window,0.0,0.0,0.0,0.0,220.0,220,5,18.0,,
404,chr7:35000001-40000000,window,0.0,0.0,0.0,0.0,220.0,220,5,23.0,,
405,chr7:130000001-135000000,window,0.0,0.0,0.0,0.0,220.0,220,5,26.0,,
406,chr7:30000001-35000000,window,0.0,0.0,0.0,0.0,220.0,220,5,31.0,,
407,chr7:25000001-30000000,window,0.0,0.0,0.0,0.0,220.0,220,5,31.0,,
408,chr7:20000001-25000000,window,0.0,0.0,0.0,0.0,220.0,220,5,25.0,,
409,chr7:155000001-159345973,window,0.0,0.0,0.0,0.0,220.0,220,5,19.0,,
410,chr7:15000001-20000000,window,0.0,0.0,0.0,0.0,220.0,220,5,19.0,,
411,chr7:150000001-155000000,window,0.0,0.0,0.0,0.0,220.0,220,5,48.0,KMT2C,KMT2C
412,chr7:145000001-150000000,window,0.0,0.0,0.0,0.0,220.0,220,5,17.0,,
413,chr7:140000001-145000000,window,0.0,0.0,0.0,0.0,220.0,220,5,72.0,,
414,chr7:135000001-140000000,window,0.0,0.0,0.0,0.0,220.0,220,5,32.0,,
415,chr11:5000001-10000000,window,0.0,0.0,0.0,0.0,220.0,220,5,113.0,,
416,chr3:90000001-95000000,window,0.0,0.0,0.0,0.0,220.0,220,5,5.0,,
417,chr17:20000001-25000000,window,0.0,0.0,0.0,0.0,220.0,220,5,11.0,,
418,chr12:95000001-100000000,window,0.0,0.0,0.0,0.0,220.0,220,5,22.0,,
419,chr12:45000001-50000000,window,0.0,0.0,0.0,0.0,220.0,220,5,70.0,ARID2;KMT2D,"ARID2, KMT2D"
420,chr12:50000001-55000000,window,0.0,0.0,0.0,0.0,220.0,220,5,116.0,,
421,chr12:5000001-10000000,window,0.0,0.0,0.0,0.0,220.0,220,5,91.0,,
422,chr12:55000001-60000000,window,0.0,0.0,0.0,0.0,220.0,220,5,116.0,CDK4,CDK4
423,chr12:60000001-65000000,window,0.0,0.0,0.0,0.0,220.0,220,5,16.0,,
424,chr12:65000001-70000000,window,0.0,0.0,0.0,0.0,220.0,220,5,31.0,MDM2,MDM2
425,chr12:70000001-75000000,window,0.0,0.0,0.0,0.0,220.0,220,5,15.0,,
426,chr12:75000001-80000000,window,0.0,0.0,0.0,0.0,220.0,220,5,17.0,,
427,chr12:80000001-85000000,window,0.0,0.0,0.0,0.0,220.0,220,5,11.0,,
428,chr12:85000001-90000000,window,0.0,0.0,0.0,0.0,220.0,220,5,16.0,,
429,chr12:90000001-95000000,window,0.0,0.0,0.0,0.0,220.0,220,5,17.0,,
430,chr13:100000001-105000000,window,0.0,0.0,0.0,0.0,220.0,220,5,16.0,,
431,chr3:85000001-90000000,window,0.0,0.0,0.0,0.0,220.0,220,5,11.0,,
432,chr13:105000001-110000000,window,0.0,0.0,0.0,0.0,220.0,220,5,9.0,,
433,chr13:110000001-114364328,window,0.0,0.0,0.0,0.0,220.0,220,5,35.0,,
434,chr13:20000001-25000000,window,0.0,0.0,0.0,0.0,220.0,220,5,28.0,,
435,chr13:25000001-30000000,window,0.0,0.0,0.0,0.0,220.0,220,5,29.0,,
436,chr13:30000001-35000000,window,0.0,0.0,0.0,0.0,220.0,220,5,20.0,BRCA2,BRCA2
437,chr13:35000001-40000000,window,0.0,0.0,0.0,0.0,220.0,220,5,24.0,DCLK1,DCLK1
438,chr13:40000001-45000000,window,0.0,0.0,0.0,0.0,220.0,220,5,25.0,,
439,chr13:45000001-50000000,window,0.0,0.0,0.0,0.0,220.0,220,5,37.0,RB1,RB1
440,chr13:50000001-55000000,window,0.0,0.0,0.0,0.0,220.0,220,5,26.0,,
441,chr13:55000001-60000000,window,0.0,0.0,0.0,0.0,220.0,220,5,7.0,,
442,chr13:60000001-65000000,window,0.0,0.0,0.0,0.0,220.0,220,5,6.0,,
443,chr12:40000001-45000000,window,0.0,0.0,0.0,0.0,220.0,220,5,16.0,,
444,chr12:35000001-40000000,window,0.0,0.0,0.0,0.0,220.0,220,5,6.0,,
445,chr12:30000001-35000000,window,0.0,0.0,0.0,0.0,220.0,220,5,19.0,,
446,chr12:25000001-30000000,window,0.0,0.0,0.0,0.0,220.0,220,5,28.0,KRAS,KRAS
447,chr21:20000001-25000000,window,0.0,0.0,0.0,0.0,220.0,220,5,1.0,,
448,chr21:15000001-20000000,window,0.0,0.0,0.0,0.0,220.0,220,5,7.0,,
449,chr12:105000001-110000000,window,0.0,0.0,0.0,0.0,220.0,220,5,45.0,,
450,chr12:110000001-115000000,window,0.0,0.0,0.0,0.0,220.0,220,5,52.0,,
451,chr12:115000001-120000000,window,0.0,0.0,0.0,0.0,220.0,220,5,23.0,,
452,chr12:120000001-125000000,window,0.0,0.0,0.0,0.0,220.0,220,5,88.0,HNF1A,HNF1A
453,chr20:60000001-64444167,window,0.0,0.0,0.0,0.0,220.0,220,5,66.0,,
454,chr20:55000001-60000000,window,0.0,0.0,0.0,0.0,220.0,220,5,41.0,,
455,chr20:5000001-10000000,window,0.0,0.0,0.0,0.0,220.0,220,5,22.0,MCM8;PCNA,"MCM8, PCNA"
456,chr20:50000001-55000000,window,0.0,0.0,0.0,0.0,220.0,220,5,22.0,,
457,chr20:45000001-50000000,window,0.0,0.0,0.0,0.0,220.0,220,5,72.0,,
458,chr20:40000001-45000000,window,0.0,0.0,0.0,0.0,220.0,220,5,34.0,PTPRT,PTPRT
459,chr20:35000001-40000000,window,0.0,0.0,0.0,0.0,220.0,220,5,61.0,,
460,chr20:30000001-35000000,window,0.0,0.0,0.0,0.0,220.0,220,5,70.0,,
461,chr20:25000001-30000000,window,0.0,0.0,0.0,0.0,220.0,220,5,9.0,,
462,chr20:20000001-25000000,window,0.0,0.0,0.0,0.0,220.0,220,5,32.0,FOXA2,FOXA2
463,chr20:15000001-20000000,window,0.0,0.0,0.0,0.0,220.0,220,5,25.0,,
464,chr20:10000001-15000000,window,0.0,0.0,0.0,0.0,220.0,220,5,16.0,JAG1;TASP1,"JAG1, TASP1"
465,chr20:1-5000000,window,0.0,0.0,0.0,0.0,220.0,220,5,86.0,CDC25B;CSNK2A1,"CDC25B, CSNK2A1"
466,chr12:125000001-130000000,window,0.0,0.0,0.0,0.0,220.0,220,5,7.0,,
467,chr12:130000001-133275309,window,0.0,0.0,0.0,0.0,220.0,220,5,32.0,,
468,chr12:15000001-20000000,window,0.0,0.0,0.0,0.0,220.0,220,5,14.0,,
469,chr12:20000001-25000000,window,0.0,0.0,0.0,0.0,220.0,220,5,23.0,,
470,chr13:65000001-70000000,window,0.0,0.0,0.0,0.0,220.0,220,5,2.0,,
471,chr13:70000001-75000000,window,0.0,0.0,0.0,0.0,220.0,220,5,8.0,,
472,chr13:75000001-80000000,window,0.0,0.0,0.0,0.0,220.0,220,5,18.0,,
473,chr19:25000001-30000000,window,0.0,0.0,0.0,0.0,220.0,220,5,7.0,CCNE1,CCNE1
474,chr19:15000001-20000000,window,0.0,0.0,0.0,0.0,220.0,220,5,148.0,,
475,chr19:10000001-15000000,window,0.0,0.0,0.0,0.0,220.0,220,5,168.0,KEAP1;SMARCA4,"KEAP1, SMARCA4"
476,chr19:1-5000000,window,0.0,0.0,0.0,0.0,220.0,220,5,163.0,STK11,STK11
477,chr16:85000001-90000000,window,0.0,0.0,0.0,0.0,220.0,220,5,62.0,,
478,chr17:1-5000000,window,0.0,0.0,0.0,0.0,220.0,220,5,106.0,,
479,chr18:80000001-80373285,window,0.0,0.0,0.0,0.0,220.0,220,5,5.0,,
480,chr18:75000001-80000000,window,0.0,0.0,0.0,0.0,220.0,220,5,16.0,,
481,chr18:70000001-75000000,window,0.0,0.0,0.0,0.0,220.0,220,5,12.0,,
482,chr18:65000001-70000000,window,0.0,0.0,0.0,0.0,220.0,220,5,7.0,,
483,chr18:60000001-65000000,window,0.0,0.0,0.0,0.0,220.0,220,5,23.0,BCL2,BCL2
484,chr18:55000001-60000000,window,0.0,0.0,0.0,0.0,220.0,220,5,20.0,,
485,chr18:5000001-10000000,window,0.0,0.0,0.0,0.0,220.0,220,5,19.0,,
486,chr18:50000001-55000000,window,0.0,0.0,0.0,0.0,220.0,220,5,20.0,SMAD4,SMAD4
487,chr18:45000001-50000000,window,0.0,0.0,0.0,0.0,220.0,220,5,31.0,,
488,chr18:40000001-45000000,window,0.0,0.0,0.0,0.0,220.0,220,5,4.0,,
489,chr18:35000001-40000000,window,0.0,0.0,0.0,0.0,220.0,220,5,17.0,,
490,chr18:30000001-35000000,window,0.0,0.0,0.0,0.0,220.0,220,5,21.0,,
491,chr18:25000001-30000000,window,0.0,0.0,0.0,0.0,220.0,220,5,8.0,,
492,chr18:20000001-25000000,window,0.0,0.0,0.0,0.0,220.0,220,5,22.0,GATA6,GATA6
493,chr17:10000001-15000000,window,0.0,0.0,0.0,0.0,220.0,220,5,23.0,,
494,chr18:10000001-15000000,window,0.0,0.0,0.0,0.0,220.0,220,5,27.0,,
495,chr18:1-5000000,window,0.0,0.0,0.0,0.0,220.0,220,5,20.0,,
496,chr17:15000001-20000000,window,0.0,0.0,0.0,0.0,220.0,220,5,71.0,,
497,chr19:20000001-25000000,window,0.0,0.0,0.0,0.0,220.0,220,5,36.0,,
498,chr19:30000001-35000000,window,0.0,0.0,0.0,0.0,220.0,220,5,37.0,,
499,chr13:80000001-85000000,window,0.0,0.0,0.0,0.0,220.0,220,5,2.0,,
500,chr19:35000001-40000000,window,0.0,0.0,0.0,0.0,220.0,220,5,161.0,,
501,chr13:85000001-90000000,window,0.0,0.0,0.0,0.0,220.0,220,5,2.0,,
502,chr13:90000001-95000000,window,0.0,0.0,0.0,0.0,220.0,220,5,6.0,,
503,chr13:95000001-100000000,window,0.0,0.0,0.0,0.0,220.0,220,5,22.0,,
504,chr16:1-5000000,window,0.0,0.0,0.0,0.0,220.0,220,5,190.0,CREBBP,CREBBP
505,chr16:10000001-15000000,window,0.0,0.0,0.0,0.0,220.0,220,5,37.0,,
506,chr16:15000001-20000000,window,0.0,0.0,0.0,0.0,220.0,220,5,36.0,,
507,chr16:20000001-25000000,window,0.0,0.0,0.0,0.0,220.0,220,5,53.0,PALB2,PALB2
508,chr16:25000001-30000000,window,0.0,0.0,0.0,0.0,220.0,220,5,63.0,,
509,chr16:30000001-35000000,window,0.0,0.0,0.0,0.0,220.0,220,5,82.0,,
510,chr16:45000001-50000000,window,0.0,0.0,0.0,0.0,220.0,220,5,18.0,,
511,chr16:50000001-55000000,window,0.0,0.0,0.0,0.0,220.0,220,5,20.0,,
512,chr16:5000001-10000000,window,0.0,0.0,0.0,0.0,220.0,220,5,16.0,,
513,chr16:55000001-60000000,window,0.0,0.0,0.0,0.0,220.0,220,5,63.0,,
514,chr16:60000001-65000000,window,0.0,0.0,0.0,0.0,220.0,220,5,2.0,,
515,chr16:65000001-70000000,window,0.0,0.0,0.0,0.0,220.0,220,5,103.0,CDH1,CDH1
516,chr16:70000001-75000000,window,0.0,0.0,0.0,0.0,220.0,220,5,47.0,,
517,chr16:75000001-80000000,window,0.0,0.0,0.0,0.0,220.0,220,5,31.0,WWOX,WWOX
518,chr16:80000001-85000000,window,0.0,0.0,0.0,0.0,220.0,220,5,39.0,,
519,chr19:55000001-58617616,window,0.0,0.0,0.0,0.0,220.0,220,5,144.0,,
520,chr19:5000001-10000000,window,0.0,0.0,0.0,0.0,220.0,220,5,132.0,,
521,chr19:50000001-55000000,window,0.0,0.0,0.0,0.0,220.0,220,5,157.0,,
522,chr19:45000001-50000000,window,0.0,0.0,0.0,0.0,220.0,220,5,187.0,,
523,chr19:40000001-45000000,window,0.0,0.0,0.0,0.0,220.0,220,5,148.0,,
524,chr21:25000001-30000000,window,0.0,0.0,0.0,0.0,220.0,220,5,16.0,,
525,chr21:30000001-35000000,window,0.0,0.0,0.0,0.0,220.0,220,5,77.0,RUNX1,RUNX1
526,chr21:35000001-40000000,window,0.0,0.0,0.0,0.0,220.0,220,5,29.0,RUNX1,RUNX1
527,chr3:145000001-150000000,window,0.0,0.0,0.0,0.0,220.0,220,5,22.0,,
528,chr3:135000001-140000000,window,0.0,0.0,0.0,0.0,220.0,220,5,31.0,,
529,chr3:130000001-135000000,window,0.0,0.0,0.0,0.0,220.0,220,5,31.0,,
530,chr3:125000001-130000000,window,0.0,0.0,0.0,0.0,220.0,220,5,51.0,,
531,chr3:120000001-125000000,window,0.0,0.0,0.0,0.0,220.0,220,5,44.0,,
532,chr3:115000001-120000000,window,0.0,0.0,0.0,0.0,220.0,220,5,22.0,,
533,chr3:110000001-115000000,window,0.0,0.0,0.0,0.0,220.0,220,5,36.0,,
534,chr3:105000001-110000000,window,0.0,0.0,0.0,0.0,220.0,220,5,17.0,,
535,chr3:10000001-15000000,window,0.0,0.0,0.0,0.0,220.0,220,5,45.0,VHL,VHL
536,chr3:100000001-105000000,window,0.0,0.0,0.0,0.0,220.0,220,5,21.0,,
537,chr3:1-5000000,window,0.0,0.0,0.0,0.0,220.0,220,5,11.0,,
538,chr11:55000001-60000000,window,0.0,0.0,0.0,0.0,220.0,220,5,121.0,,
539,chr11:60000001-65000000,window,0.0,0.0,0.0,0.0,220.0,220,5,151.0,,
540,chr2:95000001-100000000,window,0.0,0.0,0.0,0.0,220.0,220,5,61.0,,
541,chr11:65000001-70000000,window,0.0,0.0,0.0,0.0,220.0,220,5,142.0,ANO1;CCND1;FGF19;FGF3;FGF4,"ANO1, CCND1, FGF19, FGF3, FGF4"
542,chr2:85000001-90000000,window,0.0,0.0,0.0,0.0,220.0,220,5,43.0,,
543,chr2:80000001-85000000,window,0.0,0.0,0.0,0.0,220.0,220,5,7.0,,
544,chr2:75000001-80000000,window,0.0,0.0,0.0,0.0,220.0,220,5,11.0,,
545,chr2:70000001-75000000,window,0.0,0.0,0.0,0.0,220.0,220,5,73.0,,
546,chr2:65000001-70000000,window,0.0,0.0,0.0,0.0,220.0,220,5,32.0,,
547,chr2:60000001-65000000,window,0.0,0.0,0.0,0.0,220.0,220,5,25.0,,
548,chr2:55000001-60000000,window,0.0,0.0,0.0,0.0,220.0,220,5,12.0,,
549,chr2:5000001-10000000,window,0.0,0.0,0.0,0.0,220.0,220,5,15.0,,
550,chr2:50000001-55000000,window,0.0,0.0,0.0,0.0,220.0,220,5,12.0,,
551,chr3:140000001-145000000,window,0.0,0.0,0.0,0.0,220.0,220,5,23.0,,
552,chr3:150000001-155000000,window,0.0,0.0,0.0,0.0,220.0,220,5,27.0,,
553,chr2:40000001-45000000,window,0.0,0.0,0.0,0.0,220.0,220,5,22.0,,
554,chr3:15000001-20000000,window,0.0,0.0,0.0,0.0,220.0,220,5,24.0,,
555,chr3:80000001-85000000,window,0.0,0.0,0.0,0.0,220.0,220,5,2.0,,
556,chr3:75000001-80000000,window,0.0,0.0,0.0,0.0,220.0,220,5,4.0,,
557,chr3:70000001-75000000,window,0.0,0.0,0.0,0.0,220.0,220,5,14.0,,
558,chr3:65000001-70000000,window,0.0,0.0,0.0,0.0,220.0,220,5,14.0,,
559,chr3:60000001-65000000,window,0.0,0.0,0.0,0.0,220.0,220,5,13.0,FHIT,FHIT
560,chr3:55000001-60000000,window,0.0,0.0,0.0,0.0,220.0,220,5,29.0,FHIT,FHIT
561,chr3:5000001-10000000,window,0.0,0.0,0.0,0.0,220.0,220,5,30.0,,
562,chr3:50000001-55000000,window,0.0,0.0,0.0,0.0,220.0,220,5,90.0,,
563,chr3:45000001-50000000,window,0.0,0.0,0.0,0.0,220.0,220,5,105.0,SETD2,SETD2
564,chr3:40000001-45000000,window,0.0,0.0,0.0,0.0,220.0,220,5,50.0,CTNNB1,CTNNB1
565,chr3:35000001-40000000,window,0.0,0.0,0.0,0.0,220.0,220,5,35.0,MLH1,MLH1
566,chr3:30000001-35000000,window,0.0,0.0,0.0,0.0,220.0,220,5,22.0,,
567,chr3:25000001-30000000,window,0.0,0.0,0.0,0.0,220.0,220,5,13.0,,
568,chr3:20000001-25000000,window,0.0,0.0,0.0,0.0,220.0,220,5,11.0,,
569,chr3:195000001-198295559,window,0.0,0.0,0.0,0.0,220.0,220,5,38.0,,
570,chr3:190000001-195000000,window,0.0,0.0,0.0,0.0,220.0,220,5,24.0,,
571,chr3:185000001-190000000,window,0.0,0.0,0.0,0.0,220.0,220,5,34.0,BCL6,BCL6
572,chr3:180000001-185000000,window,0.0,0.0,0.0,0.0,220.0,220,5,42.0,SOX2,SOX2
573,chr3:175000001-180000000,window,0.0,0.0,0.0,0.0,220.0,220,5,16.0,PIK3CA,PIK3CA
574,chr3:170000001-175000000,window,0.0,0.0,0.0,0.0,220.0,220,5,21.0,,
575,chr3:165000001-170000000,window,0.0,0.0,0.0,0.0,220.0,220,5,17.0,,
576,chr3:160000001-165000000,window,0.0,0.0,0.0,0.0,220.0,220,5,13.0,,
577,chr3:155000001-160000000,window,0.0,0.0,0.0,0.0,220.0,220,5,25.0,,
578,chr2:45000001-50000000,window,0.0,0.0,0.0,0.0,220.0,220,5,29.0,MSH2,MSH2
579,chr2:35000001-40000000,window,0.0,0.0,0.0,0.0,220.0,220,5,30.0,,
580,chr21:40000001-45000000,window,0.0,0.0,0.0,0.0,220.0,220,5,68.0,,
581,chr2:130000001-135000000,window,0.0,0.0,0.0,0.0,220.0,220,5,32.0,,
582,chr2:120000001-125000000,window,0.0,0.0,0.0,0.0,220.0,220,5,10.0,,
583,chr2:115000001-120000000,window,0.0,0.0,0.0,0.0,220.0,220,5,15.0,,
584,chr2:110000001-115000000,window,0.0,0.0,0.0,0.0,220.0,220,5,40.0,,
585,chr2:105000001-110000000,window,0.0,0.0,0.0,0.0,220.0,220,5,27.0,,
586,chr2:10000001-15000000,window,0.0,0.0,0.0,0.0,220.0,220,5,19.0,,
587,chr2:100000001-105000000,window,0.0,0.0,0.0,0.0,220.0,220,5,24.0,,
588,chr2:1-5000000,window,0.0,0.0,0.0,0.0,220.0,220,5,18.0,,
589,chr11:70000001-75000000,window,0.0,0.0,0.0,0.0,220.0,220,5,60.0,ANO1,ANO1
590,chr11:75000001-80000000,window,0.0,0.0,0.0,0.0,220.0,220,5,41.0,,
591,chr11:80000001-85000000,window,0.0,0.0,0.0,0.0,220.0,220,5,8.0,,
592,chr11:85000001-90000000,window,0.0,0.0,0.0,0.0,220.0,220,5,26.0,,
593,chr22:45000001-50000000,window,0.0,0.0,0.0,0.0,220.0,220,5,27.0,,
594,chr22:40000001-45000000,window,0.0,0.0,0.0,0.0,220.0,220,5,73.0,EP300,EP300
595,chr22:35000001-40000000,window,0.0,0.0,0.0,0.0,220.0,220,5,99.0,,
596,chr22:30000001-35000000,window,0.0,0.0,0.0,0.0,220.0,220,5,51.0,,
597,chr22:20000001-25000000,window,0.0,0.0,0.0,0.0,220.0,220,5,84.0,,
598,chr22:15000001-20000000,window,0.0,0.0,0.0,0.0,220.0,220,5,48.0,,
599,chr11:90000001-95000000,window,0.0,0.0,0.0,0.0,220.0,220,5,27.0,,
600,chr11:95000001-100000000,window,0.0,0.0,0.0,0.0,220.0,220,5,12.0,,
601,chr12:1-5000000,window,0.0,0.0,0.0,0.0,220.0,220,5,44.0,,
602,chr12:100000001-105000000,window,0.0,0.0,0.0,0.0,220.0,220,5,38.0,,
603,chr12:10000001-15000000,window,0.0,0.0,0.0,0.0,220.0,220,5,76.0,CDKN1B,CDKN1B
604,chr21:45000001-46709983,window,0.0,0.0,0.0,0.0,220.0,220,5,18.0,,
605,chr2:125000001-130000000,window,0.0,0.0,0.0,0.0,220.0,220,5,19.0,,
606,chr2:135000001-140000000,window,0.0,0.0,0.0,0.0,220.0,220,5,13.0,,
607,chr2:30000001-35000000,window,0.0,0.0,0.0,0.0,220.0,220,5,20.0,,
608,chr2:140000001-145000000,window,0.0,0.0,0.0,0.0,220.0,220,5,5.0,,
609,chr2:25000001-30000000,window,0.0,0.0,0.0,0.0,220.0,220,5,69.0,,
610,chr2:240000001-242193529,window,0.0,0.0,0.0,0.0,220.0,220,5,37.0,,
611,chr2:235000001-240000000,window,0.0,0.0,0.0,0.0,220.0,220,5,28.0,,
612,chr2:230000001-235000000,window,0.0,0.0,0.0,0.0,220.0,220,5,59.0,,
613,chr2:225000001-230000000,window,0.0,0.0,0.0,0.0,220.0,220,5,26.0,,
614,chr2:220000001-225000000,window,0.0,0.0,0.0,0.0,220.0,220,5,18.0,,
615,chr2:215000001-220000000,window,0.0,0.0,0.0,0.0,220.0,220,5,73.0,,
616,chr2:210000001-215000000,window,0.0,0.0,0.0,0.0,220.0,220,5,12.0,ERBB4,ERBB4
617,chr2:205000001-210000000,window,0.0,0.0,0.0,0.0,220.0,220,5,29.0,,
618,chr2:20000001-25000000,window,0.0,0.0,0.0,0.0,220.0,220,5,28.0,,
619,chr2:200000001-205000000,window,0.0,0.0,0.0,0.0,220.0,220,5,41.0,,
620,chr2:195000001-200000000,window,0.0,0.0,0.0,0.0,220.0,220,5,24.0,,
621,chr2:190000001-195000000,window,0.0,0.0,0.0,0.0,220.0,220,5,14.0,,
622,chr2:185000001-190000000,window,0.0,0.0,0.0,0.0,220.0,220,5,20.0,,
623,chr2:180000001-185000000,window,0.0,0.0,0.0,0.0,220.0,220,5,14.0,,
624,chr2:175000001-180000000,window,0.0,0.0,0.0,0.0,220.0,220,5,32.0,NFE2L2,NFE2L2
625,chr2:170000001-175000000,window,0.0,0.0,0.0,0.0,220.0,220,5,30.0,,
626,chr2:165000001-170000000,window,0.0,0.0,0.0,0.0,220.0,220,5,29.0,,
627,chr2:160000001-165000000,window,0.0,0.0,0.0,0.0,220.0,220,5,17.0,,
628,chr2:155000001-160000000,window,0.0,0.0,0.0,0.0,220.0,220,5,19.0,,
629,chr2:15000001-20000000,window,0.0,0.0,0.0,0.0,220.0,220,5,17.0,,
630,chr2:150000001-155000000,window,0.0,0.0,0.0,0.0,220.0,220,5,16.0,,
631,chr2:145000001-150000000,window,0.0,0.0,0.0,0.0,220.0,220,5,8.0,,
632,chr22:25000001-30000000,window,0.0,0.0,0.0,0.0,220.0,220,5,39.0,CHEK2;NF2,"CHEK2, NF2"
