barcode,rna_seq,wxs_wgs,slide_image,os_event,os_days,ajcc_stage,age,tp53_mut,purity,ploidy,genome_doublings,wgd
TCGA-2H-A9GF,1,1,1,1.0,784.0,Stage III,67.0,1,0.68,2.84,1.0,1
TCGA-2H-A9GG,1,0,1,1.0,610.0,Stage III,66.0,0,,,,0
TCGA-2H-A9GH,1,1,1,1.0,951.0,Stage IIB,44.0,1,,,,0
TCGA-2H-A9GI,1,1,1,1.0,435.0,Stage III,68.0,0,0.6,2.66,1.0,1
TCGA-2H-A9GJ,1,1,1,1.0,1781.0,Stage I,57.0,1,0.83,2.1,0.0,0
TCGA-2H-A9GK,1,1,1,1.0,232.0,Stage III,43.0,1,0.47,2.07,0.0,0
TCGA-2H-A9GL,1,1,1,1.0,180.0,Stage III,74.0,1,0.75,2.83,1.0,1
TCGA-2H-A9GM,1,1,1,1.0,424.0,Stage IIB,53.0,1,,,,0
TCGA-2H-A9GN,1,1,1,1.0,272.0,Stage III,70.0,1,0.75,2.96,1.0,1
TCGA-2H-A9GO,1,1,1,1.0,494.0,Stage IVA,58.0,1,0.56,1.55,0.0,0
TCGA-2H-A9GQ,1,1,1,1.0,128.0,Stage III,80.0,1,0.85,2.87,1.0,1
TCGA-2H-A9GR,1,1,1,1.0,987.0,Stage IIA,80.0,1,0.58,1.9,0.0,0
TCGA-IC-A6RE,1,1,1,0.0,234.0,Stage IIB,59.0,1,0.54,2.24,0.0,0
TCGA-IG-A4QS,1,1,1,1.0,118.0,Stage IIIB,71.0,1,0.61,5.62,2.0,1
TCGA-IG-A7DP,1,1,1,0.0,452.0,Stage IIIA,50.0,0,0.23,2.0,0.0,0
TCGA-JY-A6F8,1,1,1,0.0,3714.0,Stage I,56.0,1,0.71,3.56,1.0,1
TCGA-JY-A6FB,1,1,1,0.0,1837.0,Stage I,77.0,1,0.64,2.88,1.0,1
TCGA-JY-A6FH,1,1,1,0.0,1441.0,Stage IIB,53.0,1,0.86,1.7,0.0,0
TCGA-JY-A938,1,1,1,0.0,1060.0,Stage IIB,75.0,1,0.42,1.84,0.0,0
TCGA-JY-A939,1,1,1,0.0,660.0,Stage IIB,77.0,1,0.21,2.24,0.0,0
TCGA-JY-A93C,1,1,1,0.0,705.0,Stage IIIB,47.0,1,0.66,3.14,1.0,1
TCGA-JY-A93D,1,1,1,1.0,960.0,Stage IIIC,51.0,1,0.33,2.24,1.0,1
TCGA-JY-A93E,1,1,1,0.0,767.0,Stage IIIA,61.0,1,0.46,2.72,1.0,1
TCGA-L5-A43E,1,1,1,0.0,920.0,Stage I,74.0,1,0.61,3.35,1.0,1
TCGA-L5-A43I,1,1,1,1.0,556.0,Stage IIIA,77.0,1,0.67,3.11,1.0,1
TCGA-L5-A43M,1,1,1,0.0,272.0,[Unknown],84.0,0,0.35,3.43,1.0,1
TCGA-L5-A4OE,1,1,1,1.0,730.0,Stage IIIB,81.0,1,0.44,3.6,1.0,1
TCGA-L5-A4OF,1,1,1,1.0,801.0,Stage IIB,63.0,1,0.58,2.1,0.0,0
TCGA-L5-A4OG,1,1,1,0.0,143.0,Stage I,79.0,1,0.44,2.8,1.0,1
TCGA-L5-A4OH,1,1,1,0.0,992.0,Stage I,71.0,0,0.63,3.1,1.0,1
TCGA-L5-A4OI,1,1,1,0.0,608.0,Stage IIIC,79.0,0,0.83,2.17,0.0,0
TCGA-L5-A4OJ,1,1,1,0.0,639.0,Stage I,70.0,1,0.78,1.84,0.0,0
TCGA-L5-A4ON,1,1,1,1.0,558.0,Stage IIB,65.0,1,,,,0
TCGA-L5-A4OO,1,1,1,0.0,101.0,Stage IIIC,75.0,1,0.43,1.81,0.0,0
TCGA-L5-A4OP,1,1,1,0.0,218.0,Stage IA,67.0,1,0.72,1.81,0.0,0
TCGA-L5-A4OQ,1,1,1,1.0,42.0,Stage IIIA,75.0,1,,,,0
TCGA-L5-A4OR,1,1,1,1.0,96.0,Stage IA,83.0,1,0.62,3.85,2.0,1
TCGA-L5-A4OS,1,1,1,0.0,1782.0,Stage IIB,86.0,0,0.37,1.98,0.0,0
TCGA-L5-A4OT,1,1,1,1.0,149.0,Stage IV,77.0,1,0.47,3.87,1.0,1
TCGA-L5-A4OU,1,1,1,0.0,882.0,Stage IIA,81.0,1,0.35,3.14,1.0,1
TCGA-L5-A4OW,1,1,1,1.0,217.0,Stage IIB,56.0,1,0.53,2.74,1.0,1
TCGA-L5-A4OX,1,1,1,1.0,226.0,Stage IIB,60.0,1,0.71,1.9,0.0,0
TCGA-L5-A88T,1,1,1,0.0,694.0,Stage IIB,86.0,0,,,,0
TCGA-L5-A88V,1,1,1,0.0,79.0,Stage III,60.0,1,0.77,3.3,1.0,1
TCGA-L5-A88Y,1,1,1,0.0,11.0,[Unknown],76.0,1,,,,0
TCGA-L5-A891,1,1,1,0.0,114.0,[Unknown],51.0,1,0.87,1.71,0.0,0
TCGA-L5-A893,1,1,1,0.0,92.0,Stage I,71.0,1,0.36,3.13,1.0,1
TCGA-L5-A8NE,1,1,1,0.0,1688.0,Stage IIB,77.0,0,0.64,3.54,1.0,1
TCGA-L5-A8NF,1,1,1,1.0,81.0,Stage IVA,57.0,0,0.79,3.67,2.0,1
TCGA-L5-A8NG,1,1,1,0.0,1094.0,Stage III,77.0,1,0.54,1.78,0.0,0
TCGA-L5-A8NH,1,1,1,1.0,393.0,Stage IV,54.0,1,0.72,1.97,0.0,0
TCGA-L5-A8NI,1,1,1,1.0,410.0,Stage III,79.0,1,0.65,1.81,0.0,0
TCGA-L5-A8NJ,1,1,1,0.0,501.0,Stage III,77.0,1,0.85,2.81,1.0,1
TCGA-L5-A8NL,1,1,1,0.0,402.0,Stage III,56.0,1,0.42,1.81,0.0,0
TCGA-L5-A8NM,1,1,1,1.0,236.0,Stage IIB,84.0,0,0.27,2.12,0.0,0
TCGA-L5-A8NN,1,1,1,0.0,167.0,Stage III,81.0,0,0.59,2.51,1.0,1
TCGA-L5-A8NR,1,1,1,0.0,265.0,Stage III,81.0,0,0.67,2.87,1.0,1
TCGA-L5-A8NS,1,1,1,0.0,408.0,Stage IIB,76.0,1,0.64,1.76,0.0,0
TCGA-L5-A8NT,1,1,1,0.0,825.0,Stage IIB,69.0,1,0.5,3.45,1.0,1
TCGA-L5-A8NU,1,1,1,1.0,2532.0,Stage IIA,84.0,0,0.24,1.8,0.0,0
TCGA-L5-A8NV,1,1,1,1.0,1599.0,Stage IIA,75.0,1,0.41,3.13,1.0,1
TCGA-L5-A8NW,1,1,1,1.0,1402.0,[Discrepancy],55.0,1,0.62,2.23,1.0,1
TCGA-L7-A6VZ,1,1,1,0.0,315.0,Stage IIIC,62.0,1,,,,0
TCGA-M9-A5M8,1,1,1,0.0,1007.0,Stage IIA,58.0,0,0.63,1.77,0.0,0
TCGA-Q9-A6FW,1,1,1,0.0,238.0,Stage IIIB,61.0,0,0.56,2.08,0.0,0
TCGA-R6-A6DN,1,1,1,1.0,243.0,[Not Available],58.0,1,0.73,3.37,2.0,1
TCGA-R6-A6DQ,1,1,1,1.0,231.0,[Not Available],74.0,1,,,,0
TCGA-R6-A6KZ,1,1,1,1.0,154.0,[Not Available],42.0,1,0.47,2.55,1.0,1
TCGA-R6-A6L4,1,1,1,1.0,496.0,[Not Available],27.0,1,0.61,1.4,0.0,0
TCGA-R6-A6L6,1,1,1,1.0,214.0,[Not Available],68.0,0,0.26,3.47,1.0,1
TCGA-R6-A6XG,1,1,1,0.0,1168.0,[Not Available],64.0,0,0.79,2.57,1.0,1
TCGA-R6-A6XQ,1,1,1,1.0,193.0,[Not Available],58.0,1,0.79,4.08,2.0,1
TCGA-R6-A6Y0,1,1,1,0.0,1641.0,[Not Available],54.0,1,,,,0
TCGA-R6-A6Y2,1,1,1,1.0,283.0,[Not Available],71.0,1,0.48,2.99,1.0,1
TCGA-R6-A8W5,1,1,1,1.0,480.0,Stage IVA,60.0,1,0.5,1.83,0.0,0
TCGA-R6-A8W8,1,1,1,1.0,88.0,[Not Available],72.0,1,0.72,2.73,1.0,1
TCGA-R6-A8WC,1,1,1,0.0,70.0,[Not Available],56.0,1,0.92,2.57,1.0,1
TCGA-R6-A8WG,1,1,1,1.0,386.0,[Not Available],60.0,1,0.65,2.88,1.0,1
TCGA-RE-A7BO,1,1,1,1.0,213.0,Stage IIB,72.0,0,0.49,3.0,1.0,1
TCGA-S8-A6BV,1,1,1,0.0,609.0,Stage IIIA,76.0,1,0.41,3.0,1.0,1
TCGA-V5-A7RB,1,1,1,1.0,161.0,[Unknown],59.0,1,0.61,2.1,0.0,0
TCGA-V5-A7RE,1,1,1,0.0,500.0,Stage IB,45.0,1,0.64,2.79,1.0,1
TCGA-V5-AASW,1,1,1,0.0,282.0,[Not Available],72.0,1,0.73,2.75,1.0,1
TCGA-V5-AASX,1,1,1,0.0,273.0,[Not Available],74.0,1,0.66,1.87,0.0,0
TCGA-VR-A8EQ,1,1,1,1.0,694.0,Stage III,73.0,1,0.35,3.07,1.0,1
TCGA-VR-AA4D,1,1,1,1.0,1405.0,Stage IIB,53.0,1,0.74,3.47,1.0,1
TCGA-X8-AAAR,1,1,1,0.0,554.0,[Unknown],69.0,1,0.76,1.73,0.0,0
TCGA-ZR-A9CJ,1,1,1,1.0,600.0,Stage IIIC,65.0,1,0.33,3.48,1.0,1
