kind,feature,mean,sd
tile,1:1-4985012,0.9363257376615169,0.028607536645044545
tile,1:4985013-9970024,0.9824301185908424,0.021045063533091542
tile,1:9970025-14955037,0.9883946132106959,0.02527652804512292
tile,1:14955038-19940049,0.9966616774105626,0.020156784926366404
tile,1:19940050-24925062,1.02223247482195,0.03308326909681832
tile,1:24925063-29910074,1.0295256991940558,0.027369332256057886
tile,1:29910075-34895086,0.9884205444777434,0.020335402999724757
tile,1:34895087-39880099,0.993081157825317,0.02374695622633396
tile,1:39880100-44865111,1.031362441501303,0.02158586712702499
tile,1:44865112-49850124,1.0216867957051696,0.016307727180176472
tile,1:49850125-54835136,1.0210344204636892,0.020327987419598455
tile,1:54835137-59820149,1.0046569730831136,0.020902989928465864
tile,1:59820150-64805161,1.0267077478410003,0.02428069297918461
tile,1:64805162-69790173,1.017818364817288,0.023365880308603322
tile,1:69790174-74775186,0.9977289775981801,0.018978893717258576
tile,1:74775187-79760198,0.9966356998364985,0.018101529556063155
tile,1:79760199-84745211,1.0040766186607089,0.017127144210585726
tile,1:84745212-89730223,1.0561092337617106,0.04276798619944747
tile,1:89730224-94715235,1.0305646009720288,0.02627632699128113
tile,1:94715236-99700248,1.0228771101361886,0.030472652235574237
tile,1:99700249-104685260,1.0058388813201784,0.027423510009445186
tile,1:104685261-109670273,1.0024010407951065,0.02772935183635457
tile,1:109670274-114655285,1.0253266376279704,0.035165223429593453
tile,1:114655286-119640298,1.021066064058096,0.034083244885964085
tile,1:119640299-124625310,1.0118959825319165,0.030561193410114724
tile,1:124625311-129610322,1.003414930857323,0.004550537094865251
tile,1:129610323-134595335,1.003414930857323,0.004550537094865251
tile,1:134595336-139580347,1.003414930857323,0.004550537094865251
tile,1:139580348-144565360,1.003414930857323,0.004550537094865251
tile,1:144565361-149550372,1.0060663194775399,0.036417224034680576
tile,1:149550373-154535385,1.0525855568143547,0.0424023739988034
tile,1:154535386-159520397,1.0183866678810238,0.020599480277589396
tile,1:159520398-164505409,1.0349276370561973,0.03419960034273857
tile,1:164505410-169490422,1.0387424374913021,0.033651876250091556
tile,1:169490423-174475434,1.0582513970945748,0.049327417794584764
tile,1:174475435-179460447,1.0079758728940875,0.028941119494079896
tile,1:179460448-184445459,1.0473096670123228,0.04044543264190875
tile,1:184445460-189430471,1.0250747664338529,0.029429405878330133
tile,1:189430472-194415484,1.0159877682166165,0.030269012289242465
tile,1:194415485-199400496,1.017114228283519,0.02767469149260868
tile,1:199400497-204385509,1.0250121186579866,0.019222763764693545
tile,1:204385510-209370521,1.0398292482546891,0.03605017158513799
tile,1:209370522-214355534,0.9955514845267377,0.025494244718757893
tile,1:214355535-219340546,0.9984898862437901,0.020283496772051594
tile,1:219340547-224325558,1.004012976724232,0.028020091014854667
tile,1:224325559-229310571,1.0216594776964538,0.018130045031132934
tile,1:229310572-234295583,1.0307255278613892,0.08070256628372281
tile,1:234295584-239280596,0.9919783713222984,0.07805231834491194
tile,1:239280597-244265608,0.9711220013065903,0.05070598361533891
tile,1:244265609-249250621,0.9862843526798188,0.04626661358918464
tile,2:1-4963252,0.9104148868061303,0.047132148133402274
tile,2:4963253-9926505,0.9953230792088671,0.01752821860283208
tile,2:9926506-14889757,1.013412040072431,0.020137817229442193
tile,2:14889758-19853010,0.9953146455252243,0.02077489457393105
tile,2:19853011-24816262,0.9856012625526918,0.02281031442517778
tile,2:24816263-29779515,1.0423308801571785,0.03236524077264031
tile,2:29779516-34742767,0.9885779048489098,0.021877225812396237
tile,2:34742768-39706020,1.0260562746836952,0.02041862571906338
tile,2:39706021-44669272,1.043358394746586,0.029751517944398957
tile,2:44669273-49632525,1.0335236812505555,0.02280142428790044
tile,2:49632526-54595777,0.9910089753421345,0.020761060260832687
tile,2:54595778-59559030,1.0032447275187106,0.016119432217070847
tile,2:59559031-64522282,1.0410926588328113,0.027446296342603402
tile,2:64522283-69485535,1.0399262456136928,0.029079706449968885
tile,2:69485536-74448787,1.0267417363283986,0.024371704873670966
tile,2:74448788-79412040,0.9791316918106928,0.023042934922532694
tile,2:79412041-84375292,0.9725278745229629,0.028092937727293252
tile,2:84375293-89338545,1.0256691481960785,0.033126373866375874
tile,2:89338546-94301797,1.0015033213682858,0.015133103510425877
tile,2:94301798-99265050,0.9929228709708205,0.020951280854528534
tile,2:99265051-104228302,1.0086475552540228,0.02222608866929778
tile,2:104228303-109191555,0.9803772294444816,0.029293649762834
tile,2:109191556-114154807,1.0106676712218985,0.033853627865593296
tile,2:114154808-119118060,0.9737735752980724,0.02592371231086288
tile,2:119118061-124081312,0.9793470906265982,0.024399785337816962
tile,2:124081313-129044565,0.9698135199981698,0.026128896165490367
tile,2:129044566-134007817,0.9509388182231014,0.04020822235341457
tile,2:134007818-138971070,0.9880467034685652,0.020344132951904657
tile,2:138971071-143934322,0.9884878296728028,0.01903349437378472
tile,2:143934323-148897575,1.0323034141612875,0.025505890043038472
tile,2:148897576-153860827,1.0164084953948969,0.016159371050367532
tile,2:153860828-158824080,1.0339326071763673,0.023993777307291447
tile,2:158824081-163787332,1.0518369705693282,0.03656554301968576
tile,2:163787333-168750585,1.0180153827191372,0.01823786663733591
tile,2:168750586-173713837,1.02710740709903,0.024233669746728664
tile,2:173713838-178677090,1.0209527473943032,0.01862309498626909
tile,2:178677091-183640342,1.0230500996740761,0.018772246476337344
tile,2:183640343-188603595,1.0342960409821884,0.03339377584449609
tile,2:188603596-193566847,1.062386420624004,0.04336802885106355
tile,2:193566848-198530100,1.0113586432845207,0.017559537026234532
tile,2:198530101-203493352,1.0333712238987727,0.025474367354736363
tile,2:203493353-208456605,1.0284677073164075,0.021780945944473964
tile,2:208456606-213419857,1.000748626208873,0.0127243255967915
tile,2:213419858-218383110,1.000592379309644,0.012625575537273647
tile,2:218383111-223346362,1.0005749029754205,0.012648402647398978
tile,2:223346363-228309615,1.0010077660167391,0.012743224671247104
tile,2:228309616-233272867,1.0000300308145356,0.013143370683500437
tile,2:233272868-238236120,0.9993561998544517,0.019863795540288783
tile,2:238236121-243199373,0.9786008722707001,0.018992020012234302
tile,3:1-4950560,0.9582707011848339,0.04290329558177859
tile,3:4950561-9901121,1.0093981084448445,0.03558860183578225
tile,3:9901122-14851682,1.0152695717749431,0.033656342438693115
tile,3:14851683-19802243,1.0189535001574823,0.035076177056035385
tile,3:19802244-24752803,1.0156868903164893,0.03260708634416322
tile,3:24752804-29703364,1.0186388477793664,0.030815701396835284
tile,3:29703365-34653925,1.0339607845531467,0.03620434954729897
tile,3:34653926-39604486,1.009681128562554,0.032067356661481236
tile,3:39604487-44555046,1.023555010489515,0.031215009331504045
tile,3:44555047-49505607,1.0246556903129453,0.030589430295219416
tile,3:49505608-54456168,1.0187928611036043,0.029702695410095455
tile,3:54456169-59406729,1.00940600761654,0.030578273945879777
tile,3:59406730-64357289,1.014125521340749,0.03281089122850391
tile,3:64357290-69307850,1.0105013158927343,0.028789645327248706
tile,3:69307851-74258411,1.0044151545633975,0.03016766395532368
tile,3:74258412-79208972,0.9938426870382133,0.0277947675078495
tile,3:79208973-84159532,0.9938455257266764,0.027712962210499167
tile,3:84159533-89110093,0.9938173350582148,0.027727260853594792
tile,3:89110094-94060654,0.997923772599136,0.02666178083408597
tile,3:94060655-99011215,1.0056109961190167,0.030264180860836893
tile,3:99011216-103961775,1.0399280247857703,0.033160235299117144
tile,3:103961776-108912336,1.0266308117399603,0.030407831795452873
tile,3:108912337-113862897,1.0559880783386562,0.04634520918172365
tile,3:113862898-118813458,1.0124590009890624,0.0397360316170064
tile,3:118813459-123764018,1.0397593697651621,0.04404964991797265
tile,3:123764019-128714579,1.024392414684509,0.03751783288546427
tile,3:128714580-133665140,1.0150506618940383,0.03687823051398223
tile,3:133665141-138615701,0.9964805436407739,0.04036322917712116
tile,3:138615702-143566261,1.0196907429623188,0.037947451499223836
tile,3:143566262-148516822,1.0150262502710352,0.03630940982497703
tile,3:148516823-153467383,1.0638236306453108,0.05394056404871806
tile,3:153467384-158417944,1.0177453989171998,0.035606714343870874
tile,3:158417945-163368504,1.0161966673319716,0.03856268040115723
tile,3:163368505-168319065,1.019872847878196,0.07147308843046535
tile,3:168319066-173269626,1.088024241993813,0.07764106702206587
tile,3:173269627-178220187,1.0444902987470588,0.04141547514418394
tile,3:178220188-183170747,1.024659372059653,0.041293208204265235
tile,3:183170748-188121308,1.0434462639892599,0.043094474981716376
tile,3:188121309-193071869,1.0406254179812877,0.04000078614963331
tile,3:193071870-198022430,1.047464995914863,0.04478832558732153
tile,4:1-4901391,0.9625216950227046,0.028167794957754688
tile,4:4901392-9802783,0.9536457228605332,0.029378476027777743
tile,4:9802784-14704175,0.9745986988890503,0.027938418783717615
tile,4:14704176-19605566,0.9784045054366083,0.02598364792135793
tile,4:19605567-24506958,0.9798925413771483,0.022535708664976603
tile,4:24506959-29408350,0.9903960441595351,0.023089992076246638
tile,4:29408351-34309741,0.9758743533515647,0.020881340948879456
tile,4:34309742-39211133,1.0131876455320425,0.02191150487998316
tile,4:39211134-44112525,1.0169235134208225,0.026230740958889005
tile,4:44112526-49013916,0.9925901512103718,0.021912532298036694
tile,4:49013917-53915308,1.0137675686150758,0.029605766484613934
tile,4:53915309-58816700,1.0003845676735599,0.02439083990305997
tile,4:58816701-63718092,0.9691215056347662,0.027297356361722928
tile,4:63718093-68619483,0.9768248174722886,0.023424399730909942
tile,4:68619484-73520875,1.030860422767387,0.035807317961945015
tile,4:73520876-78422267,1.033446099368325,0.03831217870185238
tile,4:78422268-83323658,1.0224710923935523,0.029507733518382154
tile,4:83323659-88225050,1.0213066248470528,0.029920087275957657
tile,4:88225051-93126442,1.0219750422489928,0.030780772336759025
tile,4:93126443-98027833,1.0063756770518384,0.026847259781998728
tile,4:98027834-102929225,1.02531934254514,0.02974430061661107
tile,4:102929226-107830617,1.031125041885374,0.03328955211268002
tile,4:107830618-112732008,0.9903990976618958,0.027589559875021385
tile,4:112732009-117633400,1.000951142173806,0.025753050634978257
tile,4:117633401-122534792,1.0134685480074446,0.02689143627004361
tile,4:122534793-127436184,1.0239450644344268,0.03318004476715682
tile,4:127436185-132337575,0.997170768343501,0.023363601889427838
tile,4:132337576-137238967,0.9720022191026526,0.02986098932507754
tile,4:137238968-142140359,1.0118928470495865,0.025164173375621206
tile,4:142140360-147041750,1.0211150020400073,0.02921842325227603
tile,4:147041751-151943142,1.0228676408123971,0.02947175861520829
tile,4:151943143-156844534,1.0166698128363518,0.029378773793790322
tile,4:156844535-161745925,0.9827900038834128,0.02355656981136304
tile,4:161745926-166647317,0.9745174918821925,0.02364482851700808
tile,4:166647318-171548709,1.0121618917690498,0.02881943161758643
tile,4:171548710-176450100,0.9713316839044104,0.02567087387461596
tile,4:176450101-181351492,0.9628713376403658,0.02895954154943669
tile,4:181351493-186252884,0.9735301961441021,0.025579020525476587
tile,4:186252885-191154276,0.9432882750322121,0.0294745676373637
tile,5:1-4889601,0.9164308012583191,0.04742984792816203
tile,5:4889602-9779203,0.9289397541391222,0.04376731990698391
tile,5:9779204-14668804,0.9610736445575213,0.036096860823954136
tile,5:14668805-19558406,0.9651776513477769,0.033833965961247825
tile,5:19558407-24448008,0.9642790525653316,0.03629974176214844
tile,5:24448009-29337609,0.96404786603936,0.037327720571717515
tile,5:29337610-34227211,0.9659611814281083,0.037234522458859935
tile,5:34227212-39116812,0.9935872977090762,0.04073948360326001
tile,5:39116813-44006414,1.0070610225760916,0.03905091159764676
tile,5:44006415-48896016,0.9917233277011578,0.03589264576176742
tile,5:48896017-53785617,1.0168045663480596,0.04000621654980569
tile,5:53785618-58675219,1.0400267843574922,0.0554821914032959
tile,5:58675220-63564821,1.0030157870656005,0.04397741793213231
tile,5:63564822-68454422,1.034842783824298,0.05643790209589663
tile,5:68454423-73344024,1.0421416449055494,0.06019902484675162
tile,5:73344025-78233625,1.0146707353986637,0.046905119277576617
tile,5:78233626-83123227,0.9986262572056249,0.03567426938543372
tile,5:83123228-88012829,0.9977382864152371,0.040246374232539
tile,5:88012830-92902430,0.99941400458596,0.04279173493650258
tile,5:92902431-97792032,1.0221653698307722,0.050290613328533455
tile,5:97792033-102681634,0.9963786447549251,0.04219210810634689
tile,5:102681635-107571235,0.9967140192332536,0.04151456008567088
tile,5:107571236-112460837,1.0008128636357896,0.04304740028214253
tile,5:112460838-117350438,0.9948207573170103,0.04238434992260434
tile,5:117350439-122240040,0.9967031127366202,0.041552322321333636
tile,5:122240041-127129642,1.042794811438153,0.059685483266997526
tile,5:127129643-132019243,1.0145507893030954,0.04569617327527587
tile,5:132019244-136908845,0.9992927306093125,0.04140703594766563
tile,5:136908846-141798447,1.0335677558637713,0.056138634923789454
tile,5:141798448-146688048,1.015178536055221,0.04707729348890017
tile,5:146688049-151577650,1.0185118003941884,0.048914016994860025
tile,5:151577651-156467251,0.9535430378894596,0.04290645327927352
tile,5:156467252-161356853,0.9770296552838145,0.04191646638676901
tile,5:161356854-166246455,0.9648482943259895,0.041125940111939985
tile,5:166246456-171136056,0.9654664650634649,0.04088816996850221
tile,5:171136057-176025658,0.9721675741871869,0.040212018696378006
tile,5:176025659-180915260,0.9452277739814955,0.040578846927733406
tile,6:1-4889001,1.041583613950367,0.04464052121371455
tile,6:4889002-9778003,1.009917309528099,0.03008702486798867
tile,6:9778004-14667005,1.030249035424145,0.0344468111682832
tile,6:14667006-19556007,1.0212120781987282,0.028657355838932475
tile,6:19556008-24445009,1.0158279239042478,0.032245565875238136
tile,6:24445010-29334011,1.0124836322072004,0.027453133234210683
tile,6:29334012-34223013,1.0405839226656806,0.03001502613566392
tile,6:34223014-39112015,1.0436489993645504,0.029207683429247296
tile,6:39112016-44001017,1.0429125800171235,0.028709220388918107
tile,6:44001018-48890019,1.032377477175885,0.026376804307211822
tile,6:48890020-53779021,1.0165135461745087,0.030540279984829864
tile,6:53779022-58668022,1.0517112312775194,0.041639199979732845
tile,6:58668023-63557024,0.9904825602683394,0.025349759449279734
tile,6:63557025-68446026,0.9892113029158068,0.0309435668694982
tile,6:68446027-73335028,0.9905380114983494,0.02938654776715623
tile,6:73335029-78224030,0.9919510373742424,0.02907480836191027
tile,6:78224031-83113032,1.0033409757622895,0.032452221915888674
tile,6:83113033-88002034,0.9981304772689158,0.02923071140391467
tile,6:88002035-92891036,0.9977602846054334,0.0289521888068322
tile,6:92891037-97780038,0.9921309407442082,0.02924679492425696
tile,6:97780039-102669040,0.98296852373126,0.030781416409538898
tile,6:102669041-107558042,1.011575275783563,0.022070953670996648
tile,6:107558043-112447044,1.0485125073047672,0.03647675861343266
tile,6:112447045-117336045,1.0271756921512694,0.022615064880407054
tile,6:117336046-122225047,1.0174312206944833,0.02222701234879639
tile,6:122225048-127114049,1.015885092804711,0.02155134372273229
tile,6:127114050-132003051,1.0496612495724529,0.03349791355327953
tile,6:132003052-136892053,1.060813722532596,0.04598909752031213
tile,6:136892054-141781055,1.0644280537982662,0.045566306113648786
tile,6:141781056-146670057,1.0517602469518996,0.03311656344642592
tile,6:146670058-151559059,1.0245610850760634,0.02206829097745771
tile,6:151559060-156448061,1.0221797558735997,0.021369908068127032
tile,6:156448062-161337063,1.012621104838937,0.026068188527154885
tile,6:161337064-166226065,0.9665877290060487,0.028749868375442873
tile,6:166226066-171115067,0.9870786086186286,0.03322029817918957
tile,7:1-4973083,0.9780938065001027,0.03837453461268888
tile,7:4973084-9946166,1.022313160885634,0.03939231208133205
tile,7:9946167-14919249,1.017654686112304,0.037921724435130484
tile,7:14919250-19892332,1.0674798326534647,0.04614546276549497
tile,7:19892333-24865416,1.0161462692793493,0.03262962030281051
tile,7:24865417-29838499,1.0327632938716262,0.04034367004959055
tile,7:29838500-34811582,0.9955752003289554,0.030967626132116167
tile,7:34811583-39784665,0.98837266008768,0.03085292799560334
tile,7:39784666-44757748,0.9901667485514806,0.039454023021942675
tile,7:44757749-49730832,0.9978986837825642,0.055964029664146965
tile,7:49730833-54703915,0.9808169840969063,0.04024485923562109
tile,7:54703916-59676998,0.9795988357050452,0.04016020168227241
tile,7:59676999-64650081,0.9255340232858991,0.05193479016034875
tile,7:64650082-69623165,0.9427372130291006,0.0517446780481652
tile,7:69623166-74596248,0.9695107970072583,0.05021584281003303
tile,7:74596249-79569331,1.0284726871386651,0.03485559268295883
tile,7:79569332-84542414,1.019604127110524,0.031435822469881476
tile,7:84542415-89515497,1.016515357456922,0.03137288901752877
tile,7:89515498-94488581,1.025693606979109,0.05925098904295731
tile,7:94488582-99461664,1.0158511283761442,0.029994846279341087
tile,7:99461665-104434747,1.0033574373738512,0.03061756600627362
tile,7:104434748-109407830,1.0252528103949397,0.03290054163323554
tile,7:109407831-114380914,1.0152550800748774,0.02785469860408991
tile,7:114380915-119353997,1.0284388990396884,0.03362497234381442
tile,7:119353998-124327080,1.0148312945431799,0.030050703195207355
tile,7:124327081-129300163,1.0141263251373387,0.027568165418400428
tile,7:129300164-134273246,1.0095974679225754,0.028542289929785098
tile,7:134273247-139246330,1.0082598710262687,0.02833701612852554
tile,7:139246331-144219413,0.9944868610127217,0.02955189507751091
tile,7:144219414-149192496,0.9644343742359929,0.033755085010702186
tile,7:149192497-154165579,0.9664484967002236,0.03649846611069834
tile,7:154165580-159138663,0.9631398937202863,0.037338446723570576
tile,8:1-4878800,0.924112245196708,0.05412355395100036
tile,8:4878801-9757601,0.9627719697912985,0.05113238144973821
tile,8:9757602-14636402,0.9902948842115286,0.04831278572161629
tile,8:14636403-19515202,1.0432640841990786,0.052664032876889824
tile,8:19515203-24394003,1.010569942781509,0.048145976809743994
tile,8:24394004-29272804,1.04447163791811,0.053556635505301986
tile,8:29272805-34151605,1.0183391431102864,0.04898665837045285
tile,8:34151606-39030405,1.012838018652813,0.04876119096387435
tile,8:39030406-43909206,1.002587687187616,0.047830743733244155
tile,8:43909207-48788007,0.9959943536863896,0.03710400287040803
tile,8:48788008-53666808,0.9885829852366496,0.04709194431048023
tile,8:53666809-58545608,0.9875535345372256,0.04780876382071696
tile,8:58545609-63424409,1.0505796797910543,0.05747527374275598
tile,8:63424410-68303210,1.0120890229664994,0.04614148981860573
tile,8:68303211-73182011,1.0134687195447454,0.045498379790868244
tile,8:73182012-78060811,1.017719137581956,0.049141403320605875
tile,8:78060812-82939612,1.0336337543602259,0.054633961137701366
tile,8:82939613-87818413,1.0193236179092668,0.04661984698842581
tile,8:87818414-92697213,1.0199688890406882,0.04695200192512432
tile,8:92697214-97576014,1.029536820676021,0.05020981297263276
tile,8:97576015-102454815,1.0660304137635268,0.05836288850529357
tile,8:102454816-107333616,1.0370077881241442,0.048403019633155485
tile,8:107333617-112212416,1.0160705942606818,0.047592521515434916
tile,8:112212417-117091217,1.0171135658866517,0.047574450355496074
tile,8:117091218-121970018,1.0530375757698485,0.05296019828769478
tile,8:121970019-126848819,1.067745755656208,0.05830456238674696
tile,8:126848820-131727619,1.0485145328152585,0.05520548483879342
tile,8:131727620-136606420,0.991075110857764,0.05223963294842154
tile,8:136606421-141485221,0.9788730241750854,0.0627921475953231
tile,8:141485222-146364022,0.982666986576009,0.057961768055474594
tile,9:1-4869428,0.9996794898889124,0.04378981812953466
tile,9:4869429-9738857,1.0010848823988807,0.04353901789425885
tile,9:9738858-14608285,0.9826456015016307,0.04619227941004031
tile,9:14608286-19477714,0.9853970922998152,0.04370952321346006
tile,9:19477715-24347143,0.9455357818627573,0.09203314908317989
tile,9:24347144-29216571,0.9552506338730257,0.07023926368397915
tile,9:29216572-34086000,0.9777776019144558,0.048627759440385054
tile,9:34086001-38955429,1.017632141466145,0.051453388324165066
tile,9:38955430-43824857,1.003414930857323,0.004550537094865251
tile,9:43824858-48694286,1.003414930857323,0.004550537094865251
tile,9:48694287-53563715,1.003414930857323,0.004550537094865251
tile,9:53563716-58433143,1.003414930857323,0.004550537094865251
tile,9:58433144-63302572,1.003414930857323,0.004550537094865251
tile,9:63302573-68172001,1.003414930857323,0.004550537094865251
tile,9:68172002-73041429,1.0244887736463033,0.05034994454019208
tile,9:73041430-77910858,1.0206977866960496,0.04854671711753346
tile,9:77910859-82780287,1.0050479425131955,0.03361594837338424
tile,9:82780288-87649715,0.9862092194196153,0.0398633405528415
tile,9:87649716-92519144,0.9892142495105576,0.040303774072910366
tile,9:92519145-97388573,1.0337187844206959,0.0924112217929143
tile,9:97388574-102258001,1.015846475421821,0.07336115421516136
tile,9:102258002-107127430,0.9922727664772043,0.03073428520304694
tile,9:107127431-111996859,1.016509035046189,0.031945245022641434
tile,9:111996860-116866287,1.037616631641785,0.04462589127328557
tile,9:116866288-121735716,0.9908631491929805,0.031840271573742356
tile,9:121735717-126605145,1.0112722837803456,0.024736807403422663
tile,9:126605146-131474573,1.0314047291373165,0.031505525632637844
tile,9:131474574-136344002,1.001444857713451,0.03240724476578136
tile,9:136344003-141213431,0.9594891808648608,0.034034154875197925
tile,10:1-4840526,0.994262095123647,0.02103323749932421
tile,10:4840527-9681053,1.01583990620575,0.020141111512554728
tile,10:9681054-14521580,0.9845923051637122,0.017595661810183263
tile,10:14521581-19362106,0.986427416850625,0.018123813337960124
tile,10:19362107-24202633,0.9928432537131096,0.01914580258338545
tile,10:24202634-29043160,0.9926070774849951,0.01961912216478994
tile,10:29043161-33883686,1.0192619860348306,0.019939917267461787
tile,10:33883687-38724213,0.9778509119933602,0.018622533981571224
tile,10:38724214-43564740,0.9638087968952135,0.03056414049458001
tile,10:43564741-48405266,0.9639769285075102,0.03065767594291704
tile,10:48405267-53245793,0.9897615355816942,0.018425035610677685
tile,10:53245794-58086320,0.9906669051328704,0.02034000800321555
tile,10:58086321-62926846,1.0168974962155055,0.02334243713894855
tile,10:62926847-67767373,1.0174657651371717,0.02259780685313686
tile,10:67767374-72607900,1.000180111425055,0.016497449342578713
tile,10:72607901-77448426,1.0663871001845873,0.051741720662189836
tile,10:77448427-82288953,1.016130980061453,0.037813094340829884
tile,10:82288954-87129480,0.9520686346090783,0.037834087283746466
tile,10:87129481-91970006,1.0521086579245786,0.03787323416508505
tile,10:91970007-96810533,1.0268574888967998,0.021362301729727296
tile,10:96810534-101651060,1.0314079768028643,0.02343242937336395
tile,10:101651061-106491586,1.0176704291392618,0.020603222223473674
tile,10:106491587-111332113,0.9348252263906857,0.04126977086388087
tile,10:111332114-116172640,1.036260481079384,0.031040371203772822
tile,10:116172641-121013166,0.9811289680845388,0.014671901404473879
tile,10:121013167-125853693,0.9725931065875851,0.015885543279386155
tile,10:125853694-130694220,0.9453202067062452,0.02635702694328576
tile,10:130694221-135534747,0.9178446337560983,0.039794378128530816
tile,11:1-4821661,0.9752033040611676,0.022191280433220103
tile,11:4821662-9643322,0.9886454262591593,0.01584354360774852
tile,11:9643323-14464983,1.0486177212138976,0.033841970971414226
tile,11:14464984-19286645,1.0235353280916122,0.020672470086003786
tile,11:19286646-24108306,0.9873004900225524,0.014837393890311102
tile,11:24108307-28929967,0.9880110290632368,0.015526476890483122
tile,11:28929968-33751629,0.987289217182583,0.015667388451040216
tile,11:33751630-38573290,0.9746731302458703,0.020061789686932268
tile,11:38573291-43394951,0.9651336258677357,0.02373963198830787
tile,11:43394952-48216612,1.0020002562204828,0.015756709571966652
tile,11:48216613-53038274,0.999682029381314,0.010689204656071273
tile,11:53038275-57859935,0.9879695166692506,0.01962029519647509
tile,11:57859936-62681596,1.0119633058381003,0.02371560441476605
tile,11:62681597-67503258,1.0331766694102686,0.022170441992115042
tile,11:67503259-72324919,1.0114237481526123,0.034082633313645506
tile,11:72324920-77146580,1.0483362750111196,0.045406016963744855
tile,11:77146581-81968241,0.9986627518998596,0.030093554983390253
tile,11:81968242-86789903,0.993196926200523,0.03142524128399632
tile,11:86789904-91611564,0.9925714313280718,0.027120824367464956
tile,11:91611565-96433225,1.015975928306373,0.030575139944319627
tile,11:96433226-101254887,0.9851347158405902,0.06867404161260274
tile,11:101254888-106076548,1.0082392949443475,0.04180687951730858
tile,11:106076549-110898209,1.00174743136561,0.019924079549852824
tile,11:110898210-115719870,0.9925241384130927,0.01999827649088467
tile,11:115719871-120541532,1.0071332245098679,0.01943370881352835
tile,11:120541533-125363193,0.9817945973092047,0.02469766848471868
tile,11:125363194-130184854,1.0074627721756348,0.017407015359446845
tile,11:130184855-135006516,0.9367698635573126,0.037299889100459525
tile,12:1-4957477,1.01334329178921,0.027851218433917878
tile,12:4957478-9914955,0.98614969685723175,0.02585594317542081
tile,12:9914956-14872432,1.046703470204548,0.038478369685323525
tile,12:14872433-19829910,1.0274498907783594,0.025494590229454217
tile,12:19829911-24787387,1.0089653466704958,0.022603206122497825
tile,12:24787388-29744865,1.041756993112646,0.03732874157980635
tile,12:29744866-34702343,0.9983565390314768,0.026858503200343428
tile,12:34702344-39659820,0.97382574385511,0.025162315500953766
tile,12:39659821-44617298,0.9740887913524261,0.023990331644681992
tile,12:44617299-49574775,1.0199556791675795,0.02671080432643819
tile,12:49574776-54532253,1.02984161244925,0.029448816067618174
tile,12:54532254-59489731,1.0275398145714085,0.03511890922157681
tile,12:59489732-64447208,1.015739430150548,0.027732354353832124
tile,12:64447209-69404686,1.0193558060867194,0.03342515012757277
tile,12:69404687-74362163,1.0162562179314056,0.03138793247888303
tile,12:74362164-79319641,1.0023561643705954,0.026500226031772142
tile,12:79319642-84277119,1.0010862732105028,0.028066578648919056
tile,12:84277120-89234596,1.0157535709299332,0.03030572790603119
tile,12:89234597-94192074,1.085709363673727,0.06134597327404564
tile,12:94192075-99149551,1.015129111932126,0.03746379275447155
tile,12:99149552-104107029,0.9904609410795859,0.027371418663874637
tile,12:104107030-109064507,0.9936928998171786,0.026881822110299092
tile,12:109064508-114021984,1.0024292973824167,0.030296247895016823
tile,12:114021985-118979462,0.9916673570627456,0.032016298883261886
tile,12:118979463-123936939,1.006087649887332,0.029976465735638974
tile,12:123936940-128894417,0.9430021463586838,0.03199862023069023
tile,12:128894418-133851895,0.9026130659767141,0.04564820561872473
tile,13:1-4798744,1.003414930857323,0.004550537094865251
tile,13:4798745-9597489,1.003414930857323,0.004550537094865251
tile,13:9597490-14396234,1.003414930857323,0.004550537094865251
tile,13:14396235-19194979,1.003414930857323,0.004550537094865251
tile,13:19194980-23993724,0.9901454282973926,0.04245227151079585
tile,13:23993725-28792469,0.9863642450613439,0.042310478458023666
tile,13:28792470-33591214,1.0081341110590167,0.0419739338115414
tile,13:33591215-38389959,1.0126508194426929,0.04012803273167624
tile,13:38389960-43188704,1.0214718517394323,0.042260907277518
tile,13:43188705-47987449,1.029367070753169,0.042464990430877814
tile,13:47987450-52786194,1.0429025244109054,0.05013901580623187
tile,13:52786195-57584939,0.9779148799610696,0.03904367987136985
tile,13:57584940-62383683,0.9763723054217595,0.03986376659209956
tile,13:62383684-67182428,0.9763495002548855,0.03998767523429303
tile,13:67182429-71981173,0.9852892280139416,0.04105499308592904
tile,13:71981174-76779918,1.03375663298205,0.049077237044500066
tile,13:76779919-81578663,1.0063652582135134,0.03949152422090419
tile,13:81578664-86377408,1.0009033428979497,0.03824688945658471
tile,13:86377409-91176153,0.9799297678520424,0.040760490469730924
tile,13:91176154-95974898,0.9792890197701374,0.04005488534781667
tile,13:95974899-100773643,0.9954089845677548,0.04494405310532458
tile,13:100773644-105572388,0.9838754542342366,0.03856862160833523
tile,13:105572389-110371133,0.9829534435016014,0.04005746079970193
tile,13:110371134-115169878,0.9620622384444268,0.04643448895632522
tile,14:1-4879524,1.003414930857323,0.004550537094865251
tile,14:4879525-9759049,1.003414930857323,0.004550537094865251
tile,14:9759050-14638573,1.003414930857323,0.004550537094865251
tile,14:14638574-19518098,1.003414930857323,0.004550537094865251
tile,14:19518099-24397622,1.0067111308388026,0.030915565652056703
tile,14:24397623-29277147,0.9908846898414726,0.020031813847745106
tile,14:29277148-34156671,1.007506721581569,0.02025307468663045
tile,14:34156672-39036196,1.0154812964721265,0.025909902605652534
tile,14:39036197-43915720,0.9826394156990267,0.021881192681917565
tile,14:43915721-48795245,0.9753256527862814,0.02583531960562188
tile,14:48795246-53674770,1.0281680527755972,0.025028491054362445
tile,14:53674771-58554294,1.021609916675559,0.020355968249308926
tile,14:58554295-63433819,1.026020882538498,0.02261182619184883
tile,14:63433820-68313343,1.0277011686995137,0.02257315781907801
tile,14:68313344-73192868,1.022542306138709,0.02514341006126775
tile,14:73192869-78072392,1.0173266661104943,0.02232147184832364
tile,14:78072393-82951917,0.9731156483563619,0.02208905759745617
tile,14:82951918-87831441,0.9741685640362225,0.022303630310061093
tile,14:87831442-92710966,1.0094712466443632,0.027270542626521628
tile,14:92710967-97590490,0.9847441886744625,0.014690833672268816
tile,14:97590491-102470015,0.9832827277468367,0.014699213119029131
tile,14:102470016-107349540,0.9849475005856028,0.01448757543498601
tile,15:1-4882447,1.003414930857323,0.004550537094865251
tile,15:4882448-9764894,1.003414930857323,0.004550537094865251
tile,15:9764895-14647341,1.003414930857323,0.004550537094865251
tile,15:14647342-19529788,1.003414930857323,0.004550537094865251
tile,15:19529789-24412236,0.9163094437257439,0.0480913985859676
tile,15:24412237-29294683,0.9167957322659231,0.04782375241215833
tile,15:29294684-34177130,0.9692728847098769,0.030456884293959374
tile,15:34177131-39059577,1.017951212054585,0.03254832404048981
tile,15:39059578-43942025,1.0356053094973618,0.03728836359686603
tile,15:43942026-48824472,1.0158650891094942,0.03226585636032903
tile,15:48824473-53706919,1.0274747470019732,0.035143147758407045
tile,15:53706920-58589366,1.031795837306375,0.03593509500341216
tile,15:58589367-63471814,1.041041949348723,0.0403575987038256
tile,15:63471815-68354261,1.040301472108177,0.03934631547463515
tile,15:68354262-73236708,1.0398023702062016,0.0393498265651495
tile,15:73236709-78119155,1.033881467160392,0.0374141512628975
tile,15:78119156-83001603,0.982528927947677,0.042829944230727154
tile,15:83001604-87884050,0.9765642929299629,0.053316519815962485
tile,15:87884051-92766497,0.996365960718133,0.05712614813130946
tile,15:92766498-97648944,0.98709021764996,0.055178467978822816
tile,15:97648945-102531392,0.9927365336425508,0.05817271453124315
tile,16:1-4755513,0.9841851891600736,0.023581893705512023
tile,16:4755514-9511026,0.9327794341233561,0.046140987117401264
tile,16:9511027-14266539,0.9824427332548086,0.03023127848239193
tile,16:14266540-19022053,0.994483670312006,0.02227708093977281
tile,16:19022054-23777566,0.9857537064694681,0.02895607216891378
tile,16:23777567-28533079,0.9704200704642918,0.03719683925256168
tile,16:28533080-33288593,0.9976512144601022,0.03173236188303661
tile,16:33288594-38044106,0.9712368826029564,0.05318841342653064
tile,16:38044107-42799619,1.003414930857323,0.004550537094865251
tile,16:42799620-47555133,0.9754556274256145,0.0315361698750737
tile,16:47555134-52310646,0.9756270196875337,0.0254700960200857
tile,16:52310647-57066159,0.9921533597408071,0.019758856989006552
tile,16:57066160-61821673,0.9729609298806062,0.023693492433269594
tile,16:61821674-66577186,0.9645177141952502,0.02994456301698556
tile,16:66577187-71332699,1.0364103315924071,0.0335386414671364
tile,16:71332700-76088213,0.9865557523692152,0.023918804791564996
tile,16:76088214-80843726,0.9871412487914392,0.023221831421935946
tile,16:80843727-85599239,0.9919664056410855,0.02231709281906137
tile,16:85599240-90354752,0.9918454720362901,0.023933041717889958
tile,17:1-4776188,0.9802878154433091,0.04933901636355014
tile,17:4776189-9552377,0.9693809173701065,0.04643727845081461
tile,17:9552378-14328566,0.9416134540750324,0.04812912925663727
tile,17:14328567-19104755,0.9656400648125152,0.045617877111579636
tile,17:19104756-23880944,0.9727503025664284,0.04968177579966529
tile,17:23880945-28657132,1.021536499313696,0.02929814138384691
tile,17:28657133-33433321,1.0031653364177022,0.021049964766015103
tile,17:33433322-38209510,1.0186951363018228,0.027415546685237477
tile,17:38209511-42985699,1.0207168307750594,0.026963305909569614
tile,17:42985700-47761888,1.0333556910634802,0.030208480585128112
tile,17:47761889-52538077,0.9947780108636989,0.022461762982536167
tile,17:52538078-57314265,1.0085395641358876,0.020774562132168703
tile,17:57314266-62090454,1.0368487214642657,0.034600403894322444
tile,17:62090455-66866643,1.0196066138861342,0.02336525109869747
tile,17:66866644-71642832,1.017908970795052,0.022690464796583057
tile,17:71642833-76419021,1.016892759605185,0.022011046088098875
tile,17:76419022-81195210,1.006833180623918,0.021316563774002154
tile,18:1-4879828,0.9949743824150155,0.056468700958476475
tile,18:4879829-9759656,0.9763898915604353,0.048998025978904416
tile,18:9759657-14639484,0.9770669508830174,0.05111137617577575
tile,18:14639485-19519312,1.0450414941911066,0.0981803987724695
tile,18:19519313-24399140,1.0253887825720849,0.06605681466611356
tile,18:24399141-29278968,0.9865137438685365,0.04703126587498684
tile,18:29278969-34158796,1.0174097014384391,0.05152715166183426
tile,18:34158797-39038624,0.9782921252375569,0.04410694423205567
tile,18:39038625-43918452,0.9892895560715478,0.04258662797275716
tile,18:43918453-48798280,0.9860771620417268,0.04245266734369696
tile,18:48798281-53678108,0.9916767481099925,0.04460021645328191
tile,18:53678109-58557936,1.0081181775165704,0.044441140583126364
tile,18:58557937-63437764,1.004706631046613,0.04252449108281947
tile,18:63437765-68317592,0.9699819607670398,0.04338723202881559
tile,18:68317593-73197420,0.9701729008694804,0.04141384500993833
tile,18:73197421-78077248,0.9452982935674816,0.04667886868478329
tile,19:1-4927415,1.005430530401035,0.02555184203641807
tile,19:4927416-9854830,0.9990939914706142,0.027770716472109717
tile,19:9854831-14782245,1.013015670003388,0.024050663667825007
tile,19:14782246-19709661,1.011642244035277,0.024181725613749906
tile,19:19709662-24637076,0.947476072879228,0.0342098881427334
tile,19:24637077-29564491,0.9102874514877102,0.05155890373898675
tile,19:29564492-34491906,0.9363919857547478,0.041575801805874446
tile,19:34491907-39419322,0.9908773395830438,0.03515461580784902
tile,19:39419323-44346737,1.0242516712830672,0.023721189210985257
tile,19:44346738-49274152,1.0334400120703902,0.03344047221327534
tile,19:49274153-54201567,0.9668902430736718,0.03632891347558118
tile,19:54201568-59128983,0.9436390261913173,0.03720716789522479
tile,20:1-4848116,1.0065657265385568,0.04153521753204809
tile,20:4848117-9696233,1.010683605383798,0.0331862379987017
tile,20:9696234-14544350,1.0248153013588315,0.038919773635768325
tile,20:14544351-19392467,1.0121222724601935,0.033575743149077845
tile,20:19392468-24240584,0.9879119392479337,0.035960420477502496
tile,20:24240585-29088701,0.9594148771021992,0.04626043698107999
tile,20:29088702-33936818,1.0373551839003994,0.039510525723348504
tile,20:33936819-38784935,1.0168656272063405,0.03776775514703416
tile,20:38784936-43633052,0.9832305130227508,0.043531116516053535
tile,20:43633053-48481169,1.0341994828341083,0.04606847297329125
tile,20:48481170-53329286,1.0128936336792511,0.04080548081886266
tile,20:53329287-58177403,0.9639089248936769,0.04664509304232341
tile,20:58177404-63025520,0.9498842469613277,0.047034701964290694
tile,21:1-4812989,1.003414930857323,0.004550537094865251
tile,21:4812990-9625979,1.003414930857323,0.004550537094865251
tile,21:9625980-14438968,1.003414930857323,0.004550537094865251
tile,21:14438969-19251958,0.9969450396389684,0.04425085072644974
tile,21:19251959-24064947,0.9588831513788396,0.038640124384431394
tile,21:24064948-28877937,0.9712713735581833,0.035815610814867165
tile,21:28877938-33690926,0.9715331638709797,0.03336580486340163
tile,21:33690927-38503916,1.0172558976828163,0.041305432482127515
tile,21:38503917-43316905,0.9977105657514787,0.03711511158051082
tile,21:43316906-48129895,0.992903681644292,0.03766559914632935
tile,22:1-4664051,1.003414930857323,0.004550537094865251
tile,22:4664052-9328102,1.003414930857323,0.004550537094865251
tile,22:9328103-13992154,1.003414930857323,0.004550537094865251
tile,22:13992155-18656205,0.9395875713258258,0.02671546688871213
tile,22:18656206-23320257,0.9389547764048147,0.025715131266321536
tile,22:23320258-27984308,0.948508624762604,0.02638429523172409
tile,22:27984309-32648360,1.013623556782779,0.02761501971350718
tile,22:32648361-37312411,0.9666324285877067,0.025285453405679767
tile,22:37312412-41976463,1.0233041054385934,0.030300724067749016
tile,22:41976464-46640514,0.9917705207491487,0.026500213607229407
tile,22:46640515-51304565,0.9289564492690643,0.03676641868550069
arm,1:1-121500000,1.0102202544651777,0.012232193043308243
arm,1:128900000-249250621,1.0182529311882542,0.014043531725924078
arm,2:1-90500000,1.0059086941731588,0.013413279131694312
arm,2:96800000-243199373,1.007934833664851,0.013036744543212728
arm,3:1-87900000,1.0097342203125794,0.0281707842168224
arm,3:93900000-198022430,1.0312203330345238,0.03404681677938935
arm,4:1-48200000,0.98382364647795,0.018893251799672495
arm,4:52700000-191154276,1.0014647795417109,0.021678622064578778
arm,5:1-46100000,0.9645841132061166,0.03397007015437617
arm,5:50700000-180915260,1.0021548698461218,0.040811881310912
arm,6:1-58700000,1.0294516567775516,0.02344085526292324
arm,6:63300000-171115067,1.0141153598874377,0.02001555169390746
arm,7:1-58000000,1.0070847900796127,0.030575335427504083
arm,7:61700000-159138663,0.9999088414077288,0.026777292695783286
arm,8:1-43100000,1.0033513481335978,0.04537312928793193
arm,8:48100000-146364022,1.0217229738120326,0.047330976741848205
arm,9:1-47300000,0.9829378640242563,0.036204001370576055
arm,9:50700000-141213431,1.0069745353368484,0.025925649870715054
arm,10:1-38000000,0.9964509590424359,0.012554400341773428
arm,10:42300000-135534747,0.9963391350046741,0.01289346035319163
arm,11:1-51600000,0.9947864893370291,0.011796415374380266
arm,11:55700000-135006516,1.0014566655638957,0.017498072976809873
arm,12:1-33300000,1.019444082456733,0.02276693933261438
arm,12:38200000-133851895,1.003816600803526,0.02294311892925645
arm,13:1-16300000,0.9995385473405564,0.0050229397328280115
arm,13:19500000-115169878,0.9968718209079278,0.037483931615335475
arm,14:1-16100000,0.9995385473405564,0.0050229397328280115
arm,14:19100000-107349540,1.0016534787833782,0.013195572319138673
arm,15:1-15800000,0.9995385473405564,0.0050229397328280115
arm,15:20700000-102531392,1.0049544341516226,0.029683857806238906
arm,16:1-34600000,0.9759529444860862,0.02643335494402405
arm,16:38600000-90354753,0.9884036508124754,0.018642597964843004
arm,17:1-22200000,0.9647079506686762,0.04502307829782458
arm,17:25800000-81195210,1.0162511613601737,0.01932491128414461
arm,18:1-15400000,0.9823158015877856,0.04913418209457257
arm,18:19000000-78077248,0.9903037847534512,0.038605188616069284
arm,19:1-24400000,0.996362105929546,0.024905323935096965
arm,19:28600000-59128983,0.9814993697583776,0.029581265956689244
arm,20:1-25600000,1.005794039333997,0.03351925747875144
arm,20:29400000-63025520,0.9986914483642996,0.03691597697706512
arm,21:1-10900000,0.9995385473405564,0.0050229397328280115
arm,21:14300000-48129895,0.9861143363734561,0.031006288096787182
arm,22:1-12200000,0.9995385473405564,0.0050229397328280115
arm,22:17900000-51304566,0.9734576301174321,0.021490678522714367
cx,cx,27.423585471332753,8.431507277444663
