feature,mean,sd
u0,0.10330738241112426,0.13890031210874532
u1,-0.07976161662924852,0.1278240627066991
u2,0.3319279616133136,0.14619639000232545
u3,0.2417381244545858,0.17211570016066605
u4,0.14481738982311243,0.09701942830711194
u5,0.6748731072485207,0.17132871901604987
u6,-0.12555426526764793,0.19521062209133017
u7,0.3914831967381657,0.14117658006122513
u8,-0.01426907767545858,0.16881439514955907
u9,0.26672050437588757,0.22034194980483787
u10,-0.21342182706372262,0.17496771989583668
u11,-0.18774783667912723,0.24882143473883037
u12,0.1856703479289645,0.21646705758046927
u13,0.0655796546662426,0.10795282610478117
u14,-0.24547840421180472,0.09965965038906077
u15,0.22459398551346155,0.13192719887258153
u16,-0.11016321365816568,0.16501282949745072
u17,-0.27814771968343194,0.10245858105991205
u18,0.09645622110576924,0.27353233899001145
u19,-0.12759742033046745,0.14769689348007692
u20,-0.18825012740242603,0.15026925864050214
u21,0.17980096950637575,0.12383625739810918
u22,-0.1866462252305917,0.10358583872390544
u23,-0.22464290507210058,0.15579849593189288
u24,0.25860911138372783,0.12943794178042775
u25,0.2757826183735207,0.11283718933383546
u26,0.19244107913718936,0.15092888718497202
u27,0.038653265317825446,0.14288738410904772
u28,0.3094962690266272,0.09376051933091438
u29,-0.24138874992568046,0.13948126803828634
u30,-0.21055977064674555,0.1442946220537736
u31,-0.15719038988505918,0.09904000055167031
u32,-0.1885201970085207,0.15491419538735543
u33,0.4172374267677515,0.17116302287720228
u34,0.020960780237426035,0.08306918547966465
u35,-0.07146588646464497,0.2068041818550313
u36,0.4584959558516272,0.15591953923212806
u37,-0.12568025047011835,0.14493613961233517
u38,0.11605114957152367,0.15072438954356368
u39,-0.09286530280057101,0.1564418824087306
u40,0.019041344896390533,0.1178270307771689
u41,-0.1965515635091716,0.11825669230869308
u42,-0.07679128120866864,0.14274774563852716
u43,-0.3917260272204142,0.13408794117663247
u44,-0.24015181664220414,0.14041168899662443
u45,-0.25078975998343195,0.13765061029178483
u46,-0.24379129281414202,0.1307906929446511
u47,-0.08960498400192307,0.1972623272180578
u48,0.06798833786107988,0.13934984509212897
u49,-0.26035103395437426,0.24052602676611676
u50,-0.048666641004245566,0.14576663913459192
u51,-0.4660571251893491,0.21542415320258834
u52,-0.25734866226923075,0.05509431759658589
u53,0.026259394223964498,0.13508904295072804
u54,-0.5850020372403846,0.19442121125958287
u55,-0.25447882234837277,0.22239837106928864
u56,0.17449555821029586,0.11009033804335665
u57,0.13945419105275075,0.1461708437215217
u58,0.3396561598949704,0.13057576965909928
u59,0.25192002297529587,0.11774150007058112
u60,0.3511553542068047,0.16771902085948368
u61,-0.17261387965026034,0.14525280035050075
u62,0.37010493405931955,0.16790746158979244
u63,0.13804976017257398,0.1822872462855871
u64,-0.8062167056804733,0.13546803214220707
u65,0.3296261946764053,0.20862127150741322
u66,-0.35257621256094673,0.12597677963678566
u67,-0.1502487535264793,0.12051680152295122
u68,-0.03945718334303846,0.18442542188584118
u69,-0.41553075118343197,0.2022876385571217
u70,0.06425343072618343,0.2070783857703828
u71,0.12802193634008877,0.10162070927408304
u72,0.24824324181701182,0.1454902121445588
u73,0.14235270209586243,0.14255006789151128
u74,-0.015877141711997042,0.13874893480385095
u75,0.038302036896893495,0.12100505140338019
u76,0.17340712248288462,0.14432420100114943
u77,0.15965082968331362,0.1371984304174941
u78,0.07132097087137573,0.17359605174716425
u79,-0.11724028437841716,0.10396787565559269
u80,-0.2944522917918639,0.12921051675987186
u81,0.11445495075871302,0.1396243688232627
u82,-0.020984893946656806,0.12530175927871035
u83,0.31604783195710057,0.1517741867062511
u84,-0.24756215124871303,0.09393025337130967
u85,-0.03373925265176035,0.10552135673931752
u86,-0.001549324537068047,0.14757993638061997
u87,-0.5600466143934911,0.15396852121323257
u88,0.23713789549704142,0.1456082017887674
u89,0.23631825736547338,0.1822909437517163
u90,-0.382092256647929,0.17625452824392993
u91,-0.37331007815828404,0.1398134049915758
u92,-0.20860849615340238,0.3009993380832577
u93,0.36604273541389054,0.1361659825068635
u94,0.18812096339279585,0.13539893469271472
u95,-0.1076463947225,0.12007029953089284
u96,-0.19563271430452664,0.12271981612716558
u97,0.02812369218639793,0.11998298265478607
u98,0.014862235570798818,0.15869104342428267
u99,0.16451470771401183,0.17759756635779236
u100,0.34212864906834317,0.12688225246490994
u101,-0.11627119517325443,0.10513613361820798
u102,0.3941894202180473,0.1624267914702658
u103,0.09300824659071005,0.11726447896362568
u104,-0.5443886421916124,0.19517415176161523
u105,-0.5029908146023668,0.13043249772799742
u106,-0.06166314378334319,0.11624061477910466
u107,-0.052647727298846154,0.10970189905295268
u108,-0.2564718134824112,0.14904891115343416
u109,0.23201998194063608,0.14624166837013186
u110,0.1540630458968343,0.13895530669839257
u111,-0.04296685402307692,0.1371366881244814
u112,0.08716665157412722,0.1531821613268381
u113,-0.08359977969525148,0.12054306779716828
u114,0.021104230055303253,0.1409932307700443
u115,0.2131820435874472,0.1613751251214658
u116,-0.26952162294702664,0.2178696093943488
u117,0.2704767349483373,0.17570210404365763
u118,0.04828811673289941,0.11837875157268055
u119,-0.22804665764550297,0.13734355645427487
u120,-0.07610144020494083,0.1639457200254715
u121,-0.31295396131039943,0.18434532713081528
u122,0.048898294462085795,0.12267174866319014
u123,-0.35894271763860947,0.08286375996249463
u124,0.30961353246035506,0.16961975929469686
u125,0.150483825431287,0.184937190667516
u126,0.2968897117850592,0.14085252083323518
u127,0.19900763456878698,0.17991900100085526
u128,-0.37652778978254436,0.16674457275257532
u129,-0.19021910082130178,0.13524968115491634
u130,-0.1298741634313018,0.12156346515207636
u131,0.22498868709057693,0.18899862009582383
u132,0.039545546283518786,0.1317639711511216
u133,0.1722646557928846,0.1708619202100478
u134,-0.13931335131424558,0.15561028988271774
u135,-0.01458900222858136,0.1089673439810641
u136,-0.4128489384741124,0.1727387944072476
u137,-0.21088405402662722,0.12563275839152255
u138,0.030853967184371302,0.1257970559617137
u139,0.21866044516241123,0.1637767673897074
u140,-0.4207727786414201,0.14805587418606012
u141,0.3094852521090385,0.1599573895829879
u142,-0.10200353202440829,0.16743067408823759
u143,0.03163553421372781,0.184529897161564
u144,0.05122611920110947,0.170485252441091
u145,0.5731890390621301,0.22151196041017251
u146,0.32398438073986685,0.1143793835707799
u147,-0.1365831427777219,0.13177448167540284
u148,-0.08120015688362427,0.13846257743082452
u149,0.17376741619091715,0.1038746220737386
u150,-0.1242973748697929,0.15317203049178582
u151,-0.6379504566331361,0.1063317373750154
u152,0.39491509029156807,0.2493841931199919
u153,-0.09394298268930473,0.10845122614848997
u154,0.03531715666775148,0.1725136200826115
u155,0.007979711374260354,0.16169560815237977
u156,0.03765018492626331,0.16379768923092894
u157,-0.06870094939497041,0.18565875109824467
u158,0.3096904310294379,0.13794379165967285
u159,0.11396138311053254,0.13302677576518698
u160,0.15433950749008876,0.12371350586873592
u161,-0.28777160570739646,0.14377291448665466
u162,-0.23212246185791421,0.14372439261666098
u163,0.1888873857618491,0.15630315676567044
u164,-0.00809263055133136,0.13060907267452004
u165,0.6196507981360947,0.14285802937806277
u166,-0.057005765887278105,0.14142214728357166
u167,-0.01969297862747929,0.1391188899102885
u168,-0.07313878008718935,0.13747923057386383
u169,-0.2581460037550296,0.23211794600279193
u170,0.16546454758565088,0.10062224707579549
u171,0.2259523264364497,0.10751445200308754
u172,0.07064832481502072,0.1847461604223098
u173,-0.19614983949794673,0.1629855469797326
u174,-0.3661400761733432,0.13176730959859806
u175,0.16298646394822486,0.15337148311364904
u176,0.09684912343931952,0.12850752279132963
u177,0.2254902738175148,0.15060037975019397
u178,0.059836917581242606,0.14817241608448906
u179,-0.29985410162928994,0.10944017085905167
u180,-0.24078216852692308,0.17649283418782052
u181,-0.014496573004452663,0.18517115758500524
u182,0.16208630203369823,0.15638645446498706
u183,-0.18415815238831362,0.10993149917269034
u184,-0.17655342252159764,0.1053071114149788
u185,-0.08176616984071006,0.12766275022991802
u186,0.45780792911094675,0.1739085492307058
u187,-0.15266179272246153,0.2176611390780378
u188,0.2634789404643491,0.11713624075644866
u189,0.3449236535926036,0.18219616030023147
u190,-0.2657669954810059,0.17807491861828398
u191,0.14589710591213018,0.11876560165871958
u192,0.07277802726353846,0.13463767662284026
u193,0.011031083649911242,0.11600924134361629
u194,0.14666334247718935,0.11294684611399275
u195,0.06626301245019231,0.11332424246636588
u196,-0.4060653039112426,0.1542315546815532
u197,0.0027236486502366865,0.1513193096580101
u198,0.05967419928260355,0.16848099677049788
u199,-0.046599099849482246,0.12702853844738565
u200,-0.2314109750378846,0.1683203660281446
u201,0.3892374111606509,0.17170816396648708
u202,0.10612843755991716,0.15711007125728135
u203,-0.4135622468733728,0.14642316845283615
u204,-0.23032407140650887,0.17862357038286372
u205,0.21774216955142012,0.1756054442038108
u206,-0.047019302418507394,0.11687029134081803
u207,-0.23993106190502958,0.10942776720652628
u208,-0.07735937687441272,0.19159263316408867
u209,-0.20760372064655325,0.15948292379608975
u210,0.09526593258664201,0.10354723828001604
u211,-0.004543481211671597,0.15291971396577594
u212,-0.18988204795295857,0.1008346438191747
u213,-0.3607683653492604,0.13474689382999394
u214,0.4327842962733728,0.16827978558544376
u215,0.024980571024001478,0.1012302147670387
u216,0.1965343420683136,0.14178902366864574
u217,0.08117201157810651,0.1647669692748691
u218,0.10473034375409171,0.11925920514106911
u219,0.29690479498224853,0.12458893067144233
u220,0.05738950369318047,0.20298714645931346
u221,0.08076776963747041,0.13690031112567028
u222,0.38850918478920116,0.12146787676917054
u223,-0.10430137236079881,0.15743483076663034
u224,-0.2539117185189349,0.12063045618985942
u225,-0.0674962345616716,0.11167898888805072
u226,0.05795670501967456,0.19953545401157333
u227,0.32080014572928994,0.10779494655203324
u228,0.1643375790060488,0.18668168803609642
u229,0.14008551605619823,0.1512330076003022
u230,0.11012559341099112,0.13216783605368235
u231,0.09315347994700887,0.19093174520059683
u232,-0.30849446203713016,0.15863403730501585
u233,0.009356463821198225,0.12817173522233816
u234,-0.1058696283718935,0.13502433026237684
u235,-0.0664925512182707,0.1657721938200186
u236,-0.11989228345213018,0.11358421899525709
u237,-0.22167118349985207,0.09389633638878775
u238,-0.1561521216102071,0.17490476481491163
u239,-0.12193038964452663,0.14562053597391303
u240,-0.278166109045858,0.13230778554521708
u241,-0.2220660477927515,0.1502365376911934
u242,0.1766304447908136,0.18200825384956504
u243,0.3610852386255917,0.22963946615431463
u244,0.043285201259023666,0.2184696248472772
u245,0.12932640412240531,0.14803018738692122
u246,-0.2026751615472633,0.14084472045829385
u247,-0.2479332391285503,0.1742654978328603
u248,0.21167773998254438,0.12993927306624478
u249,-0.5292720374383136,0.2942958415463748
u250,0.06755108860044379,0.10900755256865173
u251,0.060041633722840236,0.16730661129160318
u252,-0.18555139365821005,0.11725877764452923
u253,0.21198583678658284,0.14371899649802108
u254,3.8803993923076886e-4,0.09199401681490517
u255,0.2788825455316568,0.1423886853182446
u256,0.38345745377618345,0.16303874920625974
u257,0.07768779289615385,0.18417993875930497
u258,0.0010949283401035501,0.12450262361049587
u259,0.026470636677529587,0.16984281673571444
u260,0.23503583148597634,0.12360066429192577
u261,0.47277981719008877,0.1413943850555052
u262,0.1404291492468343,0.18437090356475222
u263,-0.2750004320556213,0.21198257508400567
u264,-0.1897043372739349,0.13548873556945826
u265,-0.12504467841755917,0.15863855488436468
u266,0.2694252846951775,0.1396341122631802
u267,0.0014798469659467457,0.1067047279040925
u268,-0.18144043219656064,0.21384803214049572
u269,-0.05165230290008876,0.12033432632461469
u270,0.1519840473630769,0.1317366378265708
u271,-0.29408575158328404,0.12606175769480682
u272,0.19291839805695266,0.09404779687737762
u273,0.13360219854440827,0.14186795209022707
u274,0.06810318113970414,0.179993253868355
u275,-0.21682760378661242,0.15066549765431012
u276,0.13900444140946747,0.14269857482836393
u277,0.11930129012597633,0.10597655283405262
u278,-0.321044622510503,0.1557759665872862
u279,0.11598649746323965,0.11974188340316708
u280,0.003898603457130178,0.126896811234849
u281,0.027045988842531066,0.17637117510046832
u282,-0.18732417789532543,0.14315018453976835
u283,0.07976708871614838,0.10419368409455249
u284,0.3503995184995562,0.1296813552309119
u285,-0.2780285790016272,0.16615719674341042
u286,0.07557016487294378,0.14700902704191826
u287,0.033457962904585796,0.21346171666079808
u288,0.2627209845887574,0.1796097987537174
u289,-0.24873888121494084,0.13024213694842485
u290,-0.17765148526581362,0.122315050599481
u291,-0.11953092301908284,0.09541437266814602
u292,-0.26925449517928995,0.1299821534616153
u293,-0.564229513591716,0.154286071620899
u294,0.27219618018742603,0.12163646430729858
u295,-0.22332550497849113,0.13302158226473768
u296,-0.2653087417715237,0.1500718405462069
u297,-0.10095885851174556,0.1342839134792029
u298,0.14048529059363907,0.16534496912212504
u299,-0.10688849373989645,0.17854577219091988
u300,-0.01759774222985207,0.13305022824458942
u301,0.04681986624918639,0.178891444287372
u302,0.21362041374822485,0.18098075709608322
u303,0.16902085722766272,0.12453948072200706
u304,-0.22589397057539942,0.11320290463136448
u305,-0.22021054939033727,0.14714070939100105
u306,0.25038343239785504,0.14569193485679752
u307,0.20021565257485208,0.1337662258410015
u308,0.08506928274000951,0.19275947913103972
u309,0.12439334435170118,0.13381549744428567
u310,0.06239219446397929,0.17444036865814064
u311,-0.009803347253698224,0.15893812501714838
u312,-0.03683626150400888,0.1707533189885544
u313,-0.006558930633630177,0.11818591353018418
u314,-0.2882463944781065,0.11760058449455289
u315,-0.06827715260914201,0.12811662732928358
u316,0.05646818272625739,0.14737368545720694
u317,-0.13531590456948225,0.21030486221411399
u318,-0.13743722997647928,0.1346964769822678
u319,0.007825666776360946,0.2079192328535133
u320,0.04635275286232249,0.11741928819844699
u321,0.029913586130724854,0.16950793693547106
u322,-0.38271089222263316,0.1570923602895237
u323,-0.08168650401269231,0.17514172870663558
u324,0.22157145525399408,0.19079803674383888
u325,-0.270335470020858,0.14735417197071016
u326,-0.026800560213550297,0.15081276121103027
u327,0.12553530141701183,0.16725106397892014
u328,-0.1526198722325444,0.2771001849069664
u329,0.10577322581286983,0.14495599019123048
u330,-0.013978848977085798,0.17133037909616244
u331,-0.3211278556810651,0.22564808374263817
u332,-0.27318983470813607,0.16211909031489233
u333,-0.07536309146573965,0.11785080895763238
u334,-0.14105604715349557,0.2542073304544352
u335,0.19265473984066567,0.19647060945100359
u336,-0.06254960831118343,0.253094176027238
u337,0.3202758782238166,0.11370846662301622
u338,0.04361470636677515,0.16821347875227144
u339,0.2329730797347633,0.140096536042628
u340,0.10413419626494083,0.14490500218362773
u341,-0.1867214515023077,0.16450588486324902
u342,-0.1580573791547929,0.1987166923710676
u343,0.16182210402782543,0.1615073719229357
u344,-0.14337360469581362,0.1750966530678911
u345,0.32372048968968936,0.32591863201560006
u346,0.3660002681449704,0.14409086194792772
u347,-0.19120664347381658,0.11092330212695435
u348,-0.07753095698232249,0.13600826074560257
u349,-0.13248895955337278,0.12608920008333868
u350,0.472726723602071,0.1591603309140723
u351,0.17087082739260356,0.08382798099260255
u352,0.30573780546301776,0.14943208179839534
u353,0.03123340744224852,0.16303583232743854
u354,-0.20769109851005918,0.1816158179157586
u355,-0.05005601873039941,0.07849956380365045
u356,0.04449271728392012,0.14645612906878813
u357,-0.22582024271035503,0.09664780103130181
u358,0.08694505260650888,0.10654360530293346
u359,0.20132891655301774,0.14827871993456757
u360,-0.23139679042056213,0.12232004904369956
u361,-0.4073723028849112,0.18601989374364733
u362,0.28045664022115385,0.1114139894773314
u363,0.1144676254406213,0.16528147346989625
u364,-0.3366498810733284,0.16596878930901846
u365,-0.18211557908176035,0.16712562285066196
u366,0.02676111864112426,0.12444270700118092
u367,-0.08380851283794379,0.2375125731129626
u368,0.2782169117198047,0.20215490901432573
u369,0.019949365346464496,0.1346654002992807
u370,-0.009886725198773668,0.10791306871346397
u371,-0.3550819421789941,0.1534567330455807
u372,0.24939247997633135,0.20370946494592937
u373,0.122216912937071,0.15846900431152938
u374,-0.26065214714778107,0.12058761406813606
u375,-0.04750095312147929,0.1496544746579991
u376,0.1800465080795858,0.0893334378274108
u377,-0.005410168558852071,0.1147681803672395
u378,0.508911917252219,0.19282853403410197
u379,-0.1838321121008136,0.10839493868416415
u380,0.013661862673550296,0.1513675165021404
u381,0.06705296605331361,0.1326543176788488
u382,0.04506637081579882,0.10387460882988767
u383,0.01751485009870858,0.10754896857426534
u384,0.33615269395236685,0.16099026448716433
u385,0.4744203985118343,0.1289938685353359
u386,-0.10194208738735207,0.11441292039115114
u387,-0.04915090708224852,0.14872928130687219
u388,0.023677157716568045,0.1425820201162819
u389,0.47276667885236684,0.1619214526685769
u390,-0.13448294229284025,0.14822351563552558
u391,0.021471930065680475,0.3219860433634879
u392,0.2154638717635503,0.11633742377986982
u393,0.17616164253655325,0.10519161292812089
u394,0.20857373050591715,0.14342740117082872
u395,0.351792873031361,0.1804310663147379
u396,-0.005918650048313609,0.1306253493879092
u397,-0.25681614447204143,0.1942891941791577
u398,0.1862088785341716,0.16757386556067272
u399,0.0076319881020710054,0.12341532426393292
u400,0.023785842877662722,0.1832475909291426
u401,-0.1698561963016272,0.11168203768202849
u402,0.3352435469275148,0.15886059342345313
u403,0.24818556808846154,0.1485783951290578
u404,-0.05621377688186391,0.14848440665484852
u405,-0.3045032647189349,0.1792578324193967
u406,-0.665938100281065,0.10381374357552177
u407,0.06952604265281065,0.20222044585654267
u408,-0.010085940719215977,0.16516515827878003
u409,0.04465819069552367,0.0978751361209914
u410,-0.7166914358979289,0.1468889103474664
u411,0.2340344601175148,0.16597108540722466
u412,0.1680086313070414,0.15624312091777195
u413,0.07424200372940828,0.19404477298983983
u414,-0.07300443653933432,0.10026507660751131
u415,-0.284494985450358,0.1412681165990255
u416,0.16674459659393492,0.100019233882742
u417,-0.10547547847647928,0.18255311164568916
u418,-0.03377502322850887,0.12108649982865984
u419,-0.05785348853045858,0.14734072100379722
u420,-0.23934672456997041,0.19101171926395963
u421,-0.005170875836420118,0.20768306745243978
u422,-0.41454897187573964,0.13682736047007618
u423,0.11081913372946302,0.12426530116617336
u424,0.05287403492468047,0.10829996687858634
u425,0.22066408871094675,0.17186255569588973
u426,-0.0863361879003994,0.13989976511835123
u427,0.09597084098843787,0.14085603298946006
u428,-0.48640401676775147,0.18784664482667623
u429,0.031039548389926036,0.15898497941987896
u430,0.21305178735784025,0.14401474213992563
u431,0.5560914755532544,0.12229997856751565
u432,-0.22533082094822485,0.12387162409363357
u433,0.42530513632618344,0.21158869107153286
u434,0.023352914926134616,0.13379188960837032
u435,0.355027552927071,0.13762374671500852
u436,0.03863468711683728,0.19010925736590006
u437,-0.7539478312278106,0.16521116864479776
u438,-0.04195503650434911,0.1409342598928084
u439,0.11534534173090237,0.17350070882718968
u440,-0.12092026405075149,0.11055086621909237
u441,0.06770633955079881,0.2144051911517582
u442,-0.6357310426923077,0.09874474882030845
u443,-0.2594811319491568,0.14265225020907085
u444,0.12713080490775147,0.1931387450409455
u445,0.14643035653360947,0.09732375859388137
u446,-0.04937476090715976,0.143394792648765
u447,0.029631819410281066,0.11647146492133462
u448,0.23763596059467457,0.13908720694090687
u449,-0.3413322321045858,0.21043727032483853
u450,0.06349459688952663,0.16448125157493676
u451,0.06542300504764793,0.1337644235696168
u452,0.2802638335857249,0.12230397129338359
u453,0.10878056160597213,0.11327219196900064
u454,0.29999516451390534,0.1457261052502803
u455,-0.1946502603743343,0.12277605363138562
u456,0.2586984489779586,0.18863282541244417
u457,0.401404180535503,0.16366320789181413
u458,-0.2419787365244083,0.22587751074300033
u459,0.24636576688905326,0.04918675896172563
u460,0.12934197273965978,0.15056737150202787
u461,0.15974981357408283,0.17097993486879892
u462,0.15540742542322486,0.20249817430907688
u463,-0.04421093492507396,0.1600824581562875
u464,0.007299108993757396,0.14250134744897092
u465,0.026375211278624258,0.15542265294902052
u466,-0.18552208389985206,0.17118238951211634
u467,-0.045969207288446744,0.1502551819674368
u468,-0.37519270354674555,0.17122946130302388
u469,-0.09222170705695266,0.10060330776224247
u470,-0.13430473454692307,0.1315087940457309
u471,0.17454964919887575,0.12182766222423935
u472,-0.018482459248535504,0.21661343417698994
u473,-0.20414861626849112,0.19063288366724107
u474,0.23609203344171598,0.10049615945318807
u475,0.16283467877122781,0.1689951764158377
u476,-0.2612199732850592,0.12396872762199357
u477,-0.1401280700914645,0.1813669974966406
u478,0.3134064130689349,0.20140132258196505
u479,0.23505877615463017,0.1552358879034704
u480,-0.3918263846301775,0.13739076577703785
u481,-0.003754524734881657,0.13503573987157264
u482,-0.03834576291942308,0.147238376576631
u483,0.11402691276065088,0.0943849932331549
u484,-0.4186185679289941,0.2061801478730815
u485,-0.07188133466696746,0.14053755993049274
u486,-0.2868172900529586,0.16103649838989428
u487,0.6969707447470415,0.17121733065312103
u488,0.28665705449034024,0.16015995463190763
u489,-0.22356951109548817,0.2756915320745014
u490,0.20762354912443787,0.20118706992886748
u491,0.28334330003010355,0.23705869013959485
u492,-0.1446013305876923,0.11893768766629559
u493,-0.22034588188431953,0.1265132183622061
u494,-0.01166014258775148,0.1342773703959484
u495,-0.023874134885724853,0.2255769051139199
u496,0.06369538348809171,0.12298358440587853
u497,0.13105755343594674,0.17418668335998175
u498,0.351895114198284,0.14646500471870397
u499,-0.41129829144970415,0.11956155750882654
u500,0.20568518798047336,0.15486016635454575
u501,0.33283239411050297,0.13964407820625213
u502,-0.3206563540199704,0.13449897612355244
u503,0.356816897010355,0.13345789332300062
u504,0.26456635167899406,0.12099435917600121
u505,-0.11479588287400888,0.15834061743032432
u506,0.5135571756372781,0.19919297306042194
u507,0.2196913298683432,0.1429211861033384
u508,-0.20348447586183432,0.19083971293333973
u509,-0.13753603705162723,0.14219399529433313
u510,-0.4426469802485207,0.1866346766462074
u511,-0.06664121538337278,0.14844348154087875
u512,0.07006270443130178,0.14173997402888874
u513,0.39105873072633135,0.19494332040289175
u514,-0.37546751913905324,0.14612173336412762
u515,0.016163963576538463,0.14556256040675059
u516,0.07792112540587279,0.18343366838736533
u517,-0.2971422244097633,0.13731741088271748
u518,0.049438783339260356,0.10448862564272127
u519,-0.35548831632692307,0.12706681722750224
u520,0.0743688129610651,0.16223650351975694
u521,-0.22668969293514793,0.1452854857763719
u522,-0.36734275983284026,0.1329108615142179
u523,0.37627760726177517,0.14062237322846308
u524,-0.19792714542159764,0.13674918112607454
u525,0.4354834556637574,0.12600042521867602
u526,0.22619931623846154,0.16369973452186978
u527,-0.7420093173795858,0.21912097789642154
u528,0.15420882045272188,0.13074395616319964
u529,-0.10743438321057693,0.11361587930162463
u530,0.29091093019215974,0.13853568719164777
u531,0.1569369640003284,0.15158066887313548
u532,-0.06710346668183433,0.16133096484292958
u533,-0.1459059593247781,0.13864922716974928
u534,0.2019573637562278,0.16196703170962276
u535,0.030517996836213018,0.1874211370685485
u536,-0.043959703188224855,0.1669469659693563
u537,-0.13992513226556214,0.20529165406618038
u538,-0.33681538807573963,0.1446731185160953
u539,-0.06607610163051775,0.12352522460093936
u540,0.1703080047350858,0.17589077420316995
u541,-0.18114239959023667,0.14309445695656092
u542,0.12844172551464497,0.08436057419342778
u543,-0.2901227489581361,0.1700979056567229
u544,-0.20282893587880177,0.1173457425870902
u545,0.3643584449122781,0.1655419971977452
u546,0.6032021411671598,0.20060256506622506
u547,-0.3678729657928994,0.1462515838429825
u548,0.08147434724711539,0.17965337388144234
u549,-0.28604254865744083,0.14016211497641476
u550,-0.23171474702366865,0.1305944820859015
u551,0.04759370452110947,0.12419315399108458
u552,0.3372880270428994,0.11940468943811207
u553,0.5389565779378698,0.13807058121116614
u554,-0.06995771863733728,0.1703066867774182
u555,0.02974184039266864,0.1528321212905897
u556,0.016922570195946746,0.14985868875021968
u557,0.07630264510730769,0.10761720666651217
u558,0.04058868703068047,0.1029509885627718
u559,-0.2506862941278846,0.15453209434385798
u560,0.31265515930769233,0.10546268264985628
u561,-0.18995536739741123,0.14197377227202704
u562,-0.2760676284699704,0.12268515430181468
u563,0.2740686847492603,0.17170346122074182
u564,-0.028190422769241125,0.12601692915344961
u565,-0.27661411297218935,0.1838455866119918
u566,-0.2633436111554734,0.14607625765295135
u567,-0.41607673871597634,0.14534968115322613
u568,0.35959329591715977,0.08752046701254602
u569,-0.1856303593707988,0.16156778427073695
u570,0.10275337037411243,0.13577163921321184
u571,0.11015640619116863,0.12341892286979057
u572,0.12389937539156214,0.15104566832611252
u573,0.3596076557454142,0.16372920152462303
u574,-0.3510713547806953,0.13066726242419024
u575,0.026470181243786983,0.17198337553334062
u576,-0.25892763477470415,0.1508637992235504
u577,0.26480272807275146,0.14354449521886373
u578,0.02466668851565089,0.19219912644728138
u579,-0.05236665879773964,0.16165322406028976
u580,0.23705992701986686,0.12024412253034122
u581,0.33051697231553256,0.23145897638641535
u582,-0.34156362713431954,0.17227580348206686
u583,-0.2801810874245562,0.08090437051168177
u584,0.11222339048557692,0.11844288095675488
u585,-0.18806822802559173,0.12944932849909735
u586,-0.37423784435784024,0.18568972636872327
u587,-0.16544750875946745,0.14434172022626132
u588,0.3606560377673077,0.14811808516566416
u589,-0.26424259769056213,0.11159920971120864
u590,0.1247299548921065,0.15823262554701426
u591,-0.318327911335503,0.15289772048732644
u592,0.0964491140641864,0.12296255888888552
u593,0.19057630866551775,0.22330003734409004
u594,-0.033566651340758875,0.0752953128603578
u595,-0.27563128483446747,0.18216556097238454
u596,-0.2113891539147929,0.1431463916424532
u597,0.026014131898550296,0.18587289497260592
u598,0.1966583716746154,0.10924297167254818
u599,0.040223587255440826,0.11939183357133926
u600,-0.010283214767474852,0.21051511882173252
u601,0.5344486793568047,0.20752422267858986
u602,0.16391500215428995,0.15882037655382786
u603,0.37461523029825444,0.17801034968314125
u604,-0.007052517799260355,0.14813953331749702
u605,-0.27831595295547334,0.1425460473243577
u606,0.30872767324718936,0.16753995496536686
u607,0.36042370575828403,0.15652207013452776
u608,0.555034046275148,0.218036736007604
u609,-0.08870715198599112,0.14669064794064976
u610,0.06261086449102811,0.1611018790020306
u611,-0.10427366240304733,0.17962232796996308
u612,-0.02142094057885207,0.10480851368661781
u613,0.5458176936242604,0.11286454658954638
u614,0.01239491783504438,0.15397986912079856
u615,-0.3096149480933432,0.11889050326747541
u616,-0.2850305817060651,0.1646461114070785
u617,-0.13099793770483728,0.12479969762521398
u618,0.10586086298099112,0.17357389127180806
u619,-0.010113905664349113,0.18499445210887633
u620,-0.03034238074541228,0.16562981846802122
u621,0.20875492934810652,0.11591519170027695
u622,-0.1590164917956065,0.20260790628464548
u623,0.17890772836760355,0.19995059466178366
u624,-0.3607130420784024,0.08054482862044211
u625,0.10511202390495562,0.16899797906285205
u626,0.18484132682470414,0.08912538312973903
u627,-0.05001099713880178,0.10991368420899462
u628,-0.01635650541066568,0.14752364239192853
u629,0.0052329441994526625,0.17056229055300193
u630,0.2992994445267308,0.22278055165340105
u631,-0.2196496508531065,0.11149422782599479
u632,-0.30160428451775145,0.06436168415986555
u633,0.4615397218056213,0.20534679057186545
u634,0.10402135037928995,0.13987687363223542
u635,-0.5637838365281065,0.14000798646016793
u636,0.27201877748476333,0.16883239303397685
u637,-0.5866341957162722,0.25678927142401026
u638,0.017561369511213017,0.12642425626081988
u639,0.07271665028579882,0.18666667145944954
u640,-0.31765014782322487,0.12180029483508799
u641,-0.11526550838544379,0.1022424813284451
u642,0.24299357059339202,0.12800558293852654
u643,0.027823266505177514,0.16441669958060098
u644,-0.05709009887350592,0.10285995714526944
u645,0.11239369669758875,0.21339701915067819
u646,-0.06381796872593196,0.09551915811769043
u647,-0.0384057480704142,0.1304995481886908
u648,0.37828533757588756,0.14825602902470691
u649,0.18952103019014793,0.13548887586592784
u650,0.5573060211390533,0.12053996458461731
u651,-0.16118838187869822,0.1827966508211085
u652,-0.26244903726454144,0.16309742587288303
u653,-0.021304969334097635,0.1494892812392665
u654,0.05652985375678994,0.1094216794350166
u655,-0.18010404625946747,0.18485061227751612
u656,-0.03276587680505917,0.13288209290738248
u657,-0.4828211287480769,0.18363445522014432
u658,-0.04987207332572485,0.10070507127173187
u659,0.07550381104991125,0.13825538646748334
u660,-0.12580179428494082,0.11556796815978743
u661,0.034902767195118346,0.16977632117407573
u662,-0.016852858537411242,0.2132537925067692
u663,-0.10200693564315089,0.14297687965664363
u664,0.025354944724489646,0.13565183932781955
u665,-0.3600390000698225,0.1892848051134998
u666,0.08045840775752071,0.0899107646942839
u667,-0.023924387518343197,0.12062891614551285
u668,-0.04443490254760355,0.154271199786259
u669,-0.2861250691701183,0.12237178023162967
u670,-0.24507023279903847,0.16499799284642394
u671,-0.19429482775390533,0.11620396313771579
u672,0.07262251879439349,0.1395640935267238
u673,-0.03787605232942899,0.1529722829349034
u674,0.13098160171578402,0.1612765543798594
u675,-0.25037044478556214,0.2053139014511088
u676,-0.3289192350642012,0.26637066742524296
u677,0.35719054605621303,0.18364547504278442
u678,-0.3444141583939349,0.15571455816479762
u679,-0.19597034251316567,0.1533392704636894
u680,0.23350222969837278,0.16719747820827519
u681,-0.5293899007115385,0.1406624847164835
u682,0.017817981078757397,0.11421584675279359
u683,0.3331110451878698,0.13694809623230814
u684,0.056752514627263315,0.12327417522680165
u685,-0.0014991486592159766,0.1727236133473
u686,0.13725044066060652,0.130072499002942
u687,-0.3819773194724852,0.16162487619831986
u688,-0.04842217626594675,0.13823469749534562
u689,-0.1433495427493491,0.2007161465153194
u690,-0.21208159609001478,0.12951249568768347
u691,0.15203004832973374,0.09960421624331553
u692,0.08349640693916864,0.11511959171635601
u693,-0.14763646748683432,0.1857342038201318
u694,0.17693348914911242,0.12757361980638476
u695,0.4109875647048817,0.15813596054588663
u696,-0.35175760413284024,0.14016159319104957
u697,-0.21791340218801775,0.11184162136490035
u698,-0.03425613540116864,0.14531701468264824
u699,0.19723096941547338,0.13535942782160565
u700,0.2784550364940828,0.10267617116277811
u701,-0.12097805334134615,0.15839835615635178
u702,0.3267377639245562,0.14603618518769476
u703,0.17902816681492603,0.13844025846846061
u704,0.16051427499948226,0.10872047384027214
u705,0.13002632262322486,0.11689859549334508
u706,0.5050362267381657,0.14579061481758646
u707,-0.19630390571841716,0.12992308444634598
u708,-0.010383881997485207,0.11955930222893787
u709,-0.4662009089497041,0.08082915588234278
u710,0.29607002205177513,0.18167012018705214
u711,0.4407362808388757,0.1547801848825468
u712,-0.08109017363619822,0.19687938282807166
u713,-0.2848602599070858,0.15768784381537052
u714,-0.25649870522076923,0.18895160944923378
u715,0.05534177006681953,0.12309022920591334
u716,0.4432832422085799,0.12758873507126076
u717,-0.1005028425931065,0.1625132011824993
u718,-0.16414587621597634,0.15068373105653446
u719,0.27034430944755916,0.13608333577352702
u720,0.1194756378170858,0.1631852587967763
u721,0.2033381263726775,0.14048536340361076
u722,-0.1738012305606509,0.1642607972343543
u723,0.20997140246923077,0.17400818859201844
u724,0.06907851822671597,0.13606320061940133
u725,0.1224585287339926,0.11720940171131694
u726,0.17287680255970414,0.16914913615066302
u727,-0.19132923176474853,0.12070766863224114
u728,0.3013764043264793,0.15189874505061074
u729,-0.1369270390593491,0.22179168116905354
u730,-0.13429291346232544,0.14605687354817837
u731,-0.05248506244127219,0.17903607811831776
u732,-0.1783200491281065,0.11605008866368989
u733,0.0762117199677219,0.1256453997759528
u734,-0.310045343852071,0.16418783052264718
u735,-0.2515872032331361,0.1541923780709679
u736,0.0671026452543787,0.10262734059964651
u737,0.15368509115883136,0.11021095890734459
u738,0.09077138096949704,0.11962132958818585
u739,-0.14879515946971894,0.21185598855162077
u740,0.1736957337827219,0.12434518822778283
u741,-0.17414141062869823,0.1365756377157868
u742,-0.02858985287785503,0.1394111458587559
u743,-0.07236863481806953,0.1513876571451465
u744,-0.17331221690035503,0.1619520626272378
u745,0.32037978415621304,0.15249472709529657
u746,0.07694627381908284,0.1325641093127891
u747,0.13179094662106508,0.11314213751864936
u748,0.33105651298224853,0.13386746241328384
u749,-0.28557237373735206,0.19314960962534591
u750,-0.1673366357745858,0.15482037621749534
u751,-0.029312200536301774,0.17797564456331466
u752,-0.085965228882248515,0.1593815724035178
u753,0.0492622182035503,0.18071860346650634
u754,-0.15021442148994082,0.16001456333260222
u755,-0.09843007884892012,0.1546840729088596
u756,0.2357526071587278,0.17459925420787212
u757,0.2665143906786982,0.12090751645738462
u758,-0.13370542830680474,0.11775443146372858
u759,0.184617967671642,0.18680733820401257
u760,0.36349096437278106,0.12941821716380328
u761,-0.18960758627529586,0.10597857010374082
u762,0.04064184823683432,0.11699287068815278
u763,-0.05359426489897189,0.14457392707343847
u764,-0.06520631991912722,0.1926427545762424
u765,-0.15434724153100593,0.15482754012838706
u766,0.1723505850130858,0.17180862694555044
u767,0.004339411425236686,0.15666892215997902
u768,-0.2679467031927515,0.15335816986655196
u769,-0.021222109435543344,0.13163269381268558
u770,-0.015303504823017752,0.13241137668187847
u771,-0.00734050069112426,0.1094208511369581
u772,-0.3899309917345266,0.19522849897238026
u773,0.22335596900266272,0.14501942796901793
u774,0.4568444168204142,0.18947998531809154
u775,-0.03466143790587278,0.11932939438313216
u776,0.04028963594351479,0.1532629862332564
u777,-0.02570412225520222,0.1799471105171306
u778,-0.04609634387733728,0.1542653418342456
u779,-0.22132917173193786,0.2167429292934206
u780,-0.03402021197909763,0.12474315342617769
u781,-0.16003792309096154,0.1325318706998793
u782,-0.09961942996371746,0.14869865570347515
u783,0.1277203232933432,0.14207161949432184
u784,-0.09700673706699704,0.12509628699947514
u785,-0.017845994115828403,0.10923601382457256
u786,0.47236688437426033,0.1269732967494817
u787,0.08468428708178255,0.12831424008007059
u788,-0.0719989041118935,0.14550468028951652
u789,0.062410355164260356,0.10832084052560831
u790,0.04848426287538461,0.11853966353724188
u791,0.18154344933609468,0.12028185317378501
u792,-0.26182549732381655,0.14858794953360618
u793,0.14491003951952663,0.1123440569982768
u794,0.3437480203134615,0.2248109371658003
u795,-0.370825849739645,0.1646998671673768
u796,0.2321424561989645,0.1627568666215633
u797,0.1625616383868787,0.12422555224330147
u798,-0.0014142437415680471,0.12899980413936513
u799,-0.23536131962204143,0.17737105541174183
u800,-0.23237617622825443,0.16893305176000958
u801,-0.1150104917825,0.1734055045547192
u802,0.4599950970531065,0.19540605912946685
u803,-0.19656150971244082,0.16573776183710737
u804,0.26933501184718933,0.18462209384535003
u805,0.17722454433653848,0.11761237704179707
u806,0.07711878991118343,0.18049303160224262
u807,0.010442168716005918,0.15878905372431504
u808,0.2682833989974704,0.1379230463273617
u809,0.20257062533150888,0.15344493896737899
u810,-0.5327499611775148,0.11258422425920424
u811,0.14454979294566567,0.11919552966272566
u812,0.004909669814615385,0.11809898893867231
u813,-0.13672321525245562,0.16699660225836085
u814,0.1188937505222781,0.09599903158541458
u815,0.22829151201449704,0.14183707040238533
u816,0.12465579940710059,0.12680496729541438
u817,-0.07978180312204881,0.18528468238733575
u818,0.02754584884473373,0.14512494590128622
u819,0.49711601248076925,0.1775044810285207
u820,0.1401322577612426,0.14703150694040693
u821,-0.4512088434205621,0.20829232197713596
u822,-0.3105481690044379,0.12757291494808137
u823,-0.3108563837248521,0.12929902853857364
u824,-0.224992376593358,0.18204620265677623
u825,0.11174696153975296,0.0998947100027171
u826,0.2172272736064201,0.10625407606276438
u827,0.25924947171553253,0.13141839270090191
u828,-0.26733638212426036,0.09060379858470445
u829,0.03836128055723373,0.18063701943532645
u830,-0.29433676115177515,0.12276071147921036
u831,-0.16676920671991569,0.19404593493903846
u832,-0.023234371773387573,0.11750399332241267
u833,-0.06375178625110947,0.17242437412526831
u834,0.13796012622639053,0.1187842085231022
u835,-0.08266916190704142,0.15579306944188365
u836,0.2470598783372781,0.2608420498111932
u837,-0.3694130236963018,0.24029794414197916
u838,-0.24635743733137278,0.1488568456209305
u839,-0.10662386764112426,0.14877126266147533
u840,0.11865452050636686,0.11034443832970742
u841,0.5291007442899408,0.12186636524659228
u842,0.11883967543805962,0.11169190671641843
u843,-0.13907697547337278,0.10153385446064157
u844,0.03172220429456213,0.09743213915764465
u845,-0.004192329456880178,0.12536400404437947
u846,0.17589126097017752,0.1324536209541561
u847,-0.07846491099616863,0.14185234501030702
u848,0.1549759241647633,0.12405205603999704
u849,-0.05670045133497041,0.17121839453592969
u850,0.803268543633136,0.14015209063658188
u851,-0.300516810670858,0.12090703129895743
u852,-0.14374508220308727,0.12770497240049078
u853,0.5532851425739646,0.10628706687648337
u854,0.27610575717707103,0.1276865609981824
u855,0.36062816736789943,0.19299603888640182
u856,0.07768840617689349,0.13322022175126275
u857,0.14533184777529587,0.09995179133739003
u858,-0.060874351081183435,0.23834493585960223
u859,0.24254914531531066,0.18027520060424426
u860,0.016711952879452662,0.18174197420690855
u861,-0.025625515186301774,0.17123525688748836
u862,0.21027282461494082,0.16735670431403848
u863,-0.09779046265591716,0.1510363842619385
u864,-0.01105257306193787,0.14841218708912376
u865,-0.3468411197828402,0.2178937185817914
u866,0.02766746566581361,0.12927362961598735
u867,0.028540642601079882,0.15593365402408052
u868,0.4096891000724852,0.10838649397588361
u869,0.14052159023242602,0.13219046929686407
u870,-0.5046742619169823,0.20522030956401752
u871,-0.16428066491248522,0.1377131896793855
u872,0.14765800721449704,0.12373387663849665
u873,0.16203452209201183,0.12432518383785646
u874,-0.16909867041183432,0.08587566786341017
u875,0.19561116677337279,0.10513530350986547
u876,0.4057132582056213,0.18623969708339255
u877,-0.260089415268787,0.16439783037759337
u878,-0.015615579682840237,0.14827837577327005
u879,-0.43608419584319524,0.10919956549161111
u880,-0.032364040899763316,0.11256902620674501
u881,-0.19982216246076923,0.16392182094215488
u882,0.018222887022189348,0.13524053033787256
u883,-0.3995553742862426,0.18523816277824953
u884,-0.2016231524018491,0.12285277705050132
u885,-0.27277403289420116,0.2130049423957313
u886,0.5813585457011834,0.14160806275156343
u887,0.1841456558704142,0.12593272212218715
u888,-0.3841950195005917,0.1655094771600427
u889,0.06558495276659763,0.13649940538403915
u890,-0.08188507990584912,0.16722308374728193
u891,-0.04830388746193787,0.14532271127970567
u892,-0.11733406907184911,0.16193626622760196
u893,-0.3620816851908284,0.13532985421165833
u894,0.16147728921652366,0.13897435920230986
u895,-0.19455341454776628,0.144118485956143
u896,0.08235695032943786,0.16124622800537192
u897,0.3489119940306213,0.18542310366013207
u898,0.3128619751214497,0.15273244795887123
u899,0.01935678999511834,0.15626812986732425
u900,-0.036482479392366866,0.11434217403207597
u901,0.062489496235650886,0.1912209714806618
u902,0.20864137162039942,0.14416378489377196
u903,-0.3299262813101923,0.26404523507432115
u904,-0.2373870466183432,0.13949094391414793
u905,-0.09930027497215976,0.15317108308652966
u906,-0.4235359274424556,0.17766514217949508
u907,0.01467878317968935,0.15136535839915566
u908,0.10712880980616864,0.1464807465228601
u909,-0.12161390522822485,0.09751900864140214
u910,0.06466863764978699,0.12785998369691642
u911,0.03149703593528107,0.10463209933748538
u912,0.13789086345109466,0.12089655011607568
u913,-0.07148916168248964,0.14035102927381404
u914,0.027960795784408285,0.15489205559983363
u915,0.12189736005054734,0.1896675731405328
u916,0.4339011404304734,0.15914267591947315
u917,-0.4245040594674556,0.13152504588840966
u918,0.8691512859911242,0.17403404396267624
u919,-0.08068909273505917,0.12087691032377011
u920,-0.09644292630784024,0.1509369802065754
u921,0.01157385967183432,0.161564055562793
u922,-0.14947633398079882,0.11416017568678458
u923,0.44420624161139055,0.2044806007647462
u924,-0.30125718334798374,0.15516527479778444
u925,0.07515527928476332,0.13662254606699592
u926,-0.30424102276139053,0.19583152857839117
u927,-0.10321578066946746,0.13536620741397562
u928,0.3320335302593935,0.13314079631807743
u929,0.4478425138505917,0.18420326209285867
u930,0.051090790287155324,0.13775856195675396
u931,-0.01594450790843195,0.13979457924112856
u932,-0.2282736294633432,0.15053920321533718
u933,0.19746052133664052,0.24696123144840723
u934,0.09127888542244082,0.13995054704764692
u935,-0.19329358213076922,0.12166326214121696
u936,0.47535447612426035,0.10169519094934253
u937,0.011279560604482248,0.1521216755083172
u938,-0.15050827755153845,0.12621796134987232
u939,0.4070109051535503,0.1799343568087412
u940,-0.07694220922542899,0.14496514726371884
u941,0.4303612828747485,0.15083813355050973
u942,-0.2851964529406953,0.13122232770960948
u943,0.04472557913325444,0.20567352681404547
u944,-0.032149007240428996,0.11542694548791368
u945,0.21388286055547337,0.13841290003306883
u946,-0.06644125948752959,0.15087080782254106
u947,0.1509230211133136,0.1503297652493985
u948,-0.2284558236795858,0.17015195878866743
u949,0.0603674569891716,0.13442450278936371
u950,0.0465153139638358,0.1825596406481631
u951,0.3288487097825444,0.23189234534786057
u952,0.5947711804337278,0.18663164407389038
u953,0.0271987728327071,0.2211701893594559
u954,-0.2951798946705621,0.16124531897690175
u955,0.3199333826878698,0.1828463914585058
u956,-0.09930329571322485,0.09937761638727041
u957,0.5000185565710059,0.20145804380389098
u958,0.2775453911406805,0.17316460566202868
u959,-0.13622276675760356,0.18958140437270535
u960,0.7054451490251479,0.23086687648475715
u961,-0.17369197087218935,0.11852545995867264
u962,-0.06516433035577515,0.19749375426728988
u963,0.09053347015525592,0.13425104256707948
u964,-0.3433097158491124,0.1978081217365693
u965,0.1870636502556213,0.1655246269126411
u966,-0.1729567849939497,0.15510505215548825
u967,-0.08314971314747041,0.17284034317656558
u968,0.0667351339966006,0.12577786818534473
u969,0.2619571645900888,0.20855246934233462
u970,-0.1052512033133432,0.15160626587902337
u971,0.04102475581989645,0.12893329439147994
u972,-0.14573966574319527,0.09698282009683681
u973,0.009548886286124261,0.1677902620384996
u974,-0.22016529964408285,0.2234962439745847
u975,0.16414881295610873,0.16173614627657923
u976,0.08941055242982249,0.1404685273194595
u977,-0.16784139560014794,0.18592066779965097
u978,0.2524939551181953,0.20575747544096618
u979,-0.357903206045858,0.11779254041034647
u980,-0.06747858602132545,0.13886803888376784
u981,-0.2625089658604438,0.10843274235566053
u982,-0.053076970744911245,0.12801252155454196
u983,-0.046502996967795855,0.14876424704277844
u984,0.012832337441952663,0.20645461228431103
u985,-0.2597201946155621,0.13975347070830108
u986,-0.371345441102071,0.13202501708067232
u987,-0.011130101425828402,0.0858157573540181
u988,0.06834440670895825,0.10164672025535008
u989,-0.14265774093032543,0.1309882096661502
u990,-0.2548032684357988,0.13435264122076843
u991,-0.2544843986789941,0.08348836465443714
u992,0.13069624820405326,0.17666229803307487
u993,-0.1787817609260355,0.18241773109254236
u994,0.09739159527547338,0.12941054469250993
u995,0.23863327686213018,0.1929117337215653
u996,0.06492260727218935,0.12701562311343026
u997,-0.10143130387008135,0.1521002356548527
u998,0.28964523289142013,0.1514482726040818
u999,0.1389118072254438,0.16498199704706337
u1000,0.1440890357565089,0.19713344263746413
u1001,0.06340192262131657,0.17548811958961988
u1002,0.38153716242130176,0.19832823330121982
u1003,-0.2825684021371228,0.1318270918955018
u1004,0.15198048913693787,0.1430469117030114
u1005,-0.38431566461952665,0.13915438703374988
u1006,0.22456800045724853,0.1662181883116695
u1007,-0.09742015745051776,0.17755887390274214
u1008,-0.046702363547736686,0.11636559151312674
u1009,-0.2495642855279586,0.16528312405701137
u1010,0.1126662989481361,0.1590945304290767
u1011,0.33899635828307695,0.18016435915755596
u1012,0.42159382199408285,0.16091914129598447
u1013,0.006989165554504438,0.18179257343197752
u1014,-0.012071221297855029,0.13114723619068605
u1015,-0.017779632114883877,0.13565012626819323
u1016,0.1964190021191864,0.13141465739788785
u1017,-0.06801902757054734,0.1085243233747259
u1018,-0.4776528670607988,0.15635078339690758
u1019,0.1924942457626775,0.12821082662381203
u1020,-0.0798760313093935,0.1767651456687039
u1021,0.10298971021804734,0.13696722570070818
u1022,0.0381767315212426,0.11814592530196533
u1023,0.20210073325902367,0.14338850551986107
u1024,0.133470624925,0.06427411244716932
u1025,-0.06095758441872781,0.16246366456645397
u1026,-0.11861604242069526,0.13067766973642725
u1027,0.040308956033594676,0.06757635781844776
u1028,-0.1093858571097781,0.10692742454639248
u1029,-0.349687041556213,0.21194706527738844
u1030,-0.3997216943556065,0.2748078526651118
u1031,0.07449286626533284,0.09908980050458696
u1032,0.3825901079511834,0.08920816948939572
u1033,-0.41635230512278104,0.24020109268342363
u1034,0.0541605270660355,0.13195275180834448
u1035,-0.029502719647692306,0.17846931135245903
u1036,-0.18943108630024852,0.12061066991696565
u1037,-0.3165404969809763,0.16677412013780463
u1038,-8.959798463017751e-4,0.150727796883671
u1039,0.04392408281553255,0.17356164408920383
u1040,-0.005156839434482248,0.1975658512800806
u1041,-0.034870454812337276,0.13307238869164079
u1042,0.031479644872993345,0.10388096947484181
u1043,0.2492552902343787,0.1686499050609238
u1044,0.003246274694585799,0.12157025211857965
u1045,0.3185076100556997,0.17585840083460033
u1046,0.40731578692289944,0.20007383917221525
u1047,-0.19209248820263314,0.17178997810007518
u1048,-0.07603523580019379,0.14734693148001318
u1049,0.020595301238402367,0.12808095702607425
u1050,0.06235093637769231,0.14784395090767724
u1051,0.04222549000094675,0.09680799086863842
u1052,-0.0540072123627071,0.13624571732808302
u1053,-0.21211934028853255,0.170813200598249
u1054,-0.1978008004456213,0.13446232331092345
u1055,0.26807082102233726,0.16073257779593766
u1056,-0.4070422091405325,0.16017205734620457
u1057,-0.09737563236870563,0.1467032817217036
u1058,-0.006121544976050296,0.17207263087617236
u1059,-0.4165097723633136,0.16854180057199727
u1060,0.3321292131878698,0.11306710487807055
u1061,0.2727713366606065,0.12039776029948587
u1062,0.04563349781555474,0.13475179770009926
u1063,0.12631092115236686,0.13389147402658846
u1064,0.35423595141930475,0.16746205433561148
u1065,0.23314254688254438,0.17092963529522892
u1066,0.14150865264282544,0.1313988031109023
u1067,0.07584523671390532,0.12306580901834577
u1068,0.07061734499181953,0.08326665336398005
u1069,-0.19345718559903846,0.1587736509422017
u1070,0.3410445007899408,0.1242390276694761
u1071,0.10336572217906805,0.1356957990355158
u1072,-0.07329663513627219,0.17216778135546706
u1073,0.23254535773002957,0.1796136169165552
u1074,-0.08735450374526627,0.11464499323703183
u1075,0.22580544226656804,0.14483955485640662
u1076,0.0856427979316568,0.14026544169176566
u1077,-0.06262031537673077,0.16415934344715924
u1078,-0.17793796120621302,0.16336770129316291
u1079,-0.5008719442849112,0.1763435824664842
u1080,0.2176061026019231,0.13655803493018023
u1081,-0.10570945324951184,0.11900918387949011
u1082,-0.04657232004823964,0.1324243171794531
u1083,0.25251159481360946,0.10745670268242286
u1084,-0.13426559217896006,0.10453669720893545
u1085,0.006480011350517751,0.13537194082579468
u1086,0.078191203033375,0.1393691149837708
u1087,-0.20339515475369824,0.14935492748114523
u1088,-0.1440390413622929,0.13761630865152139
u1089,0.3731151460029586,0.1478325450550101
u1090,0.1389362571974852,0.17335570842699158
u1091,0.11898548903446746,0.13451290466734414
u1092,-0.11088481244955621,0.14856319238447668
u1093,0.12416489116693787,0.09781636847356535
u1094,0.30239038669526624,0.09786398517734833
u1095,-0.14115704876461538,0.202084154201434
u1096,0.07843255634220414,0.16663062094564335
u1097,-0.030622132477307693,0.16677971881937798
u1098,0.1937778006714497,0.11431817460607975
u1099,-0.11266754162286982,0.16871598751900635
u1100,0.6967653764423077,0.22463060000651525
u1101,-0.06801679041936687,0.18253516936907027
u1102,0.35465592997411244,0.2863387338578803
u1103,-0.23213572969822485,0.17698497214581857
u1104,0.3874261604408284,0.12756945672477513
u1105,-0.03608834118911198,0.07007088884413665
u1106,0.6079785086094674,0.20811435334005393
u1107,0.31958083340306215,0.16000967972028382
u1108,-0.19241806157989202,0.11136633730521414
u1109,0.31239771413934914,0.1843610695002509
u1110,0.2516878194260355,0.14001411256408974
u1111,0.07395810904078698,0.12604909108163823
u1112,-0.41741006077426035,0.1908588538496889
u1113,0.15182158964411244,0.15503465616939363
u1114,-0.15378780319970414,0.16292051281244946
u1115,-0.0035412226202218935,0.14087723847100472
u1116,0.10749988070581361,0.09523790303742556
u1117,0.2560381751133136,0.1392792223922826
u1118,-0.17941414926738167,0.14673962174884253
u1119,-0.05335326465147929,0.12629725168479095
u1120,-0.2252777431341716,0.1296335431400288
u1121,-0.2293137464485059,0.12480234805419835
u1122,-0.09427732220782545,0.1292733600278386
u1123,0.1119785398722929,0.12902429841601776
u1124,-0.2555128298856509,0.11641884101892565
u1125,0.0629871809191716,0.10830326338394171
u1126,-0.036401814062218936,0.13051003931599048
u1127,0.13631026659286982,0.18327261547838067
u1128,-0.17671987926035504,0.1831365353889595
u1129,-0.13202402275763314,0.18431771739530148
u1130,-0.1286057719435355,0.17068577923486764
u1131,0.015082963663905326,0.09460302824260172
u1132,0.029814552642159764,0.15870999608511513
u1133,-0.22428571911863907,0.3066618307743671
u1134,0.315805221739645,0.09588064169370504
u1135,-0.07916714448324852,0.12045510620006013
u1136,-0.43077921793491125,0.24053813113620798
u1137,0.3761354294837278,0.11043671887772658
u1138,-0.006337171465059172,0.1486701279677504
u1139,-0.17589527608298816,0.14720811245073362
u1140,-0.19984575381153846,0.1525047846632497
u1141,-0.16982395229423078,0.17382072053210038
u1142,0.26036164853032545,0.11625160246809081
u1143,-0.016793387733032544,0.13402914476005534
u1144,0.49940186937130177,0.1756315390670289
u1145,0.20415078008115384,0.11391669110116136
u1146,0.15173134919955622,0.1559987163637729
u1147,0.11327092653935947,0.15996707896911916
u1148,0.1135225565260355,0.21136093130664826
u1149,-0.08583202189615384,0.15781401914201965
u1150,0.1671277373249852,0.26936096030804263
u1151,0.19232440284846153,0.15429703799095612
u1152,-0.10311827098788462,0.15182576162816522
u1153,-0.0032979112413485208,0.10360571777662067
u1154,-0.07748190270090977,0.1577492324125505
u1155,0.06893393516634615,0.144695173386656
u1156,0.2691369213502663,0.14793468042457067
u1157,0.16212985472766273,0.14191211063188772
u1158,-0.06215888019489645,0.20861951118991445
u1159,7.798242388224853e-4,0.0972270309306987
u1160,0.6239393907136095,0.18357396747467203
u1161,-0.01295904732633136,0.1254656379450202
u1162,0.12662243657213018,0.06253505842425704
u1163,0.028225615916213018,0.17831090442283437
u1164,0.22890612025119822,0.1445175671292771
u1165,0.21461259582011835,0.13355299189593386
u1166,0.10050239175702663,0.14831345404336582
u1167,0.3863188324748077,0.0920019982486887
u1168,-0.09800321192653846,0.17475247748406506
u1169,-0.0027796641703772187,0.15411733714785864
u1170,0.32607354637159763,0.18288940336551157
u1171,-0.052509845775,0.17767255310235813
u1172,-0.058232204293683434,0.10324418897002231
u1173,-0.21844710862362426,0.11010673957352383
u1174,-0.04012942307241272,0.1340381683656497
u1175,-0.19076225114008877,0.13519542112362956
u1176,0.09171163533630178,0.12296369881819538
u1177,0.15486319958985206,0.1730611177761449
u1178,-0.0610119260329179,0.11214863088696249
u1179,0.04038886253982248,0.10382435096777215
u1180,0.09582166385369822,0.18310613187252214
u1181,0.07084349635176035,0.09048681703304173
u1182,0.5334877402617751,0.21333822540041503
u1183,-0.07003185467942308,0.11324964000175028
u1184,0.7906027912275148,0.2506575521307142
u1185,-0.09745364842934912,0.11737249250747898
u1186,0.15098199612433993,0.24834202083590562
u1187,0.19760030181412722,0.1842948395868205
u1188,-0.3832118908578254,0.2119296022953866
u1189,0.33133807953594674,0.1530131934585497
u1190,-0.10024051353485207,0.09379189336002115
u1191,-0.17887688320784023,0.16099129384004127
u1192,0.29834288962242606,0.14321888534311555
u1193,0.19809609502470416,0.1795644338025478
u1194,0.010016028439940828,0.1524649138040831
u1195,-0.027755734321242603,0.1204810816628965
u1196,-0.1087786082866864,0.15257139201619915
u1197,-0.2503825979252959,0.12265942486375449
u1198,-0.15182951969630176,0.11092957709336038
u1199,0.006336791613727811,0.15065629226432167
u1200,-0.19560345727321746,0.19945107060482412
u1201,-0.17200419480853552,0.1538711475736398
u1202,0.10011175958518047,0.18379484644455243
u1203,0.39382342571597634,0.14558756509488693
u1204,-0.11468581729615385,0.12584882281624013
u1205,0.23140832742928993,0.10979269607466652
u1206,0.024051081547633135,0.11597555840061502
u1207,-0.10647638363964497,0.08478965712280594
u1208,-0.16039078784146746,0.16805367869614596
u1209,0.1815120293383876,0.10980881443001131
u1210,0.09979997703949704,0.13152241874474302
u1211,-0.2016502613370444,0.14888574310655617
u1212,-0.3550935924047337,0.13509227952243402
u1213,-0.23755297436612427,0.1397602550397493
u1214,-0.2571309909622781,0.13279498111648852
u1215,-0.008110776769970414,0.13497868835051052
u1216,-0.12291530286079881,0.1394225547050953
u1217,0.2117438332127219,0.11975021262109302
u1218,0.44906220557692306,0.14046935481072237
u1219,0.4598762924260355,0.10498046698435905
u1220,-0.37959651866272187,0.16100982525046809
u1221,0.010683803643431952,0.15498253563968745
u1222,-0.08141145614628698,0.14046079418190938
u1223,0.03157144900628698,0.16532354788635098
u1224,-0.0776230942848077,0.18252162245517145
u1225,-0.12920065248461537,0.19362982537313247
u1226,0.3000564603505917,0.14837073289426306
u1227,0.1273115659725148,0.1273061792912267
u1228,0.008242328416909764,0.15581218506173072
u1229,-0.04119105965402367,0.12725264603671166
u1230,-0.18499313209112425,0.13298808944274615
u1231,0.13876353052411242,0.1840380756656412
u1232,0.25445008379408285,0.12676091599300168
u1233,-0.24235891188775147,0.1317810971391802
u1234,-0.09113754136789941,0.14924500039350702
u1235,0.0897894702668639,0.12842510738076587
u1236,-0.30628996604630176,0.16552475509536407
u1237,0.23743202729926036,0.13153682973582503
u1238,-0.21167627464260355,0.1276797084901125
u1239,0.04160917593744083,0.1845134082437064
u1240,0.491789248647929,0.1913464130520475
u1241,-0.051529034578594674,0.1340661443754534
u1242,-0.12663429699468934,0.15811369567508565
u1243,0.2885611162612426,0.18272199339628428
u1244,0.17520264115567827,0.11829076920463921
u1245,-0.12661070795489646,0.11470243290782486
u1246,-0.09472118242289941,0.1819247893856285
u1247,0.39314565984955624,0.16776235936082215
u1248,-0.05122607002803255,0.11696527375996277
u1249,-0.264696818581213,0.1449638777647881
u1250,0.0685228046427071,0.13533842290443956
u1251,0.26036601448816565,0.1525383084663764
u1252,-0.08954087737263314,0.18650917649714235
u1253,0.08412030149881657,0.13918082427122555
u1254,0.26407459849260356,0.16457165116206068
u1255,0.13011958601634616,0.09992654005766577
u1256,-0.3201648838741124,0.2189767657941372
u1257,-0.10447063090728995,0.12152457390792301
u1258,0.18248900570779586,0.1464427798397565
u1259,-0.1567336969843639,0.178554075579864
u1260,-0.22129893908668638,0.20422698722617638
u1261,0.0589569627325,0.12536528482072534
u1262,-0.021808909909791566,0.11699961754284806
u1263,-0.07734650978571006,0.06202357315667006
u1264,-0.07339134965036982,0.09375858116705116
u1265,-0.04961437149142012,0.11509767210031335
u1266,0.06925393185642012,0.14558804241843143
u1267,-0.17568471293195267,0.09697733011793362
u1268,-0.12693215054828402,0.19875147706480625
u1269,0.48959578500147927,0.15355360094187495
u1270,0.24819105230606509,0.1385345603234893
u1271,-0.20752622193994083,0.16324148748650297
u1272,0.1768250564506361,0.19265859970786714
u1273,0.08373946056997042,0.15880613242940111
u1274,0.3388065644031065,0.15018268035642343
u1275,0.056309915114349116,0.18800278623122468
u1276,0.15413564712834024,0.1234915128430452
u1277,-0.17419056702066568,0.1539051065432213
u1278,0.16479616668609468,0.1339643370414506
u1279,-0.20677520297363905,0.13746445668498047
u1280,-0.10701344965048816,0.1259277898113737
u1281,-0.14151822756568047,0.13791970985673588
u1282,0.17415857514059171,0.12454126409731793
u1283,-1.1661133689852099e-4,0.10283714731010223
u1284,-0.3011495522414201,0.18151863194375534
u1285,-0.08499629850674556,0.15439463673405554
u1286,-0.4718520174980769,0.16420983832692834
u1287,-0.2300423231286982,0.20469040731335708
u1288,0.57518754672929,0.24950871390858828
u1289,0.08418271880452663,0.11466114225640339
u1290,-0.4870611734035503,0.12293080096748393
u1291,0.03268433310794379,0.15540347119685718
u1292,-0.07097422945933432,0.12287529845155937
u1293,0.3084403161600592,0.13143847611204662
u1294,-0.30912975904211537,0.14698125210918847
u1295,-0.0601169173935355,0.214725402173447
u1296,-0.001019895925843195,0.18646854705771101
u1297,-0.2606162126485207,0.20072267255688345
u1298,-0.059864923537381654,0.17210680368510423
u1299,0.2040021995837278,0.20918016118932778
u1300,0.16718234427366863,0.26918873426589385
u1301,-0.16548259079434113,0.11593655947965807
u1302,0.18738745879426036,0.13770099221497142
u1303,-0.01084244258816568,0.13311546557258028
u1304,0.14349828192174557,0.12401528491308329
u1305,0.3047930744152367,0.17486570261164114
u1306,0.34617733902736686,0.13857594356343658
u1307,0.22596285928742604,0.13401524636984663
u1308,0.14064271605576922,0.2249804713183397
u1309,-0.05011544621859468,0.1353644883597746
u1310,0.035973258339615385,0.1103555621166633
u1311,0.40157488653757395,0.2507461297576669
u1312,-0.1506345360127219,0.11689777825176245
u1313,-0.07213361489550296,0.16531315690843182
u1314,-0.0813318065166864,0.10563288829116442
u1315,0.3008424029973373,0.1792630971212496
u1316,-0.029603286027115386,0.15337681750984372
u1317,0.1823775271506361,0.12166093357136606
u1318,0.2581493469503846,0.16683268469847823
u1319,-0.03327066308461538,0.12208758015552086
u1320,-0.04232377019519822,0.07374767421257548
u1321,-0.34506854492426037,0.24313362598389388
u1322,-0.13455126341988166,0.12678755364396205
u1323,0.32544881306094675,0.11812546308373453
u1324,0.3557594012949142,0.13585173697497313
u1325,-0.1717318906139201,0.11836483768932367
u1326,9.539306862603548e-4,0.12777397688670944
u1327,-0.0473714007897929,0.21247173033190428
u1328,-0.1448054074446154,0.1124710387548094
u1329,0.30740609547781067,0.0977327809054848
u1330,0.3484181117159763,0.15780459248222917
u1331,-0.14140370022618343,0.120770496450797
u1332,0.16139523029448224,0.10149945496213064
u1333,0.6154450703402367,0.19723760825760098
u1334,0.40821411152662723,0.17900908165839288
u1335,0.47300225431213017,0.21014698819904548
u1336,0.21989757414556213,0.12235848163497408
u1337,0.002384261077840237,0.13965829617930559
u1338,-0.38377708057322485,0.1188418364387082
u1339,-0.24355058578698224,0.1413365132551271
u1340,0.2625360482261834,0.1807013761129226
u1341,-0.09660771365340237,0.16395983661563351
u1342,0.21337943571461537,0.19414545462404934
u1343,0.03613528660273669,0.1498902663935291
u1344,0.3052691025049852,0.2714676220108657
u1345,0.1996447952785503,0.1431168295680748
u1346,-0.27946016265303253,0.2760963377276866
u1347,-0.25866358406804735,0.12153736387950004
u1348,-0.4478999056923077,0.0934836588130611
u1349,-0.25405700241597634,0.1270570662657417
u1350,-0.1783030564053994,0.16321671619392072
u1351,-0.30747762438846155,0.14278575297010832
u1352,-0.045705469307739645,0.14406559392685245
u1353,0.14348768411218935,0.15857985349598677
u1354,0.033098653373778104,0.13081552642262573
u1355,0.28887339719053257,0.11339559037471852
u1356,-0.21774178853551776,0.14231445542478569
u1357,0.040002885212011834,0.13203569136553847
u1358,-0.17676478835,0.15144728944831065
u1359,0.03995568210292899,0.12183923856627125
u1360,-0.22972973476346153,0.18338561568248699
u1361,0.19185012128569526,0.1874139247132302
u1362,0.11697288094146449,0.20239837133457728
u1363,0.06839820527328402,0.20340495374003362
u1364,-0.06804705225213906,0.14940931513541236
u1365,-0.5255953927455621,0.14681820701748494
u1366,0.013126680514807693,0.1594714729499375
u1367,-0.22689411958860947,0.11042038596584028
u1368,0.1299569680428284,0.1667183997982565
u1369,0.040959272381568046,0.09406673181401289
u1370,0.04148023525443787,0.15004802769739867
u1371,0.10724557649036982,0.17175287257626326
u1372,-0.03402918894581361,0.127285299153546
u1373,0.03619783485266272,0.12772905701463222
u1374,-0.5291794446286983,0.19189445649938955
u1375,0.44838450159511833,0.16118614849204835
u1376,-0.010358511990887574,0.11033371754238272
u1377,0.4496485320529142,0.16357356642850696
u1378,0.43861417317153845,0.19689471857877336
u1379,0.24740059718905325,0.1690570286375959
u1380,0.2816641167758876,0.13590985250035031
u1381,0.13811471926449703,0.2294660543534053
u1382,0.26946497021449706,0.1469589404328895
u1383,-0.04741526334289941,0.16604673609856838
u1384,-0.15580404412715976,0.22321241541458883
u1385,-0.15239600680350593,0.13631353935178436
u1386,-0.12955026372314793,0.1440713977268486
u1387,0.3499165634304734,0.12085173982461202
u1388,-0.18544014164674555,0.16804061177482543
u1389,-0.11215126107590237,0.12006560396562045
u1390,-0.0371872849533284,0.12462864631185662
u1391,-0.03969772898866864,0.11899573436327464
u1392,0.30780815618786983,0.09665739531249871
u1393,-0.08743904780521154,0.12177200043661733
u1394,-0.41279899317810653,0.1557336231123888
u1395,0.35077471516316566,0.1444894702234553
u1396,0.29692279711523667,0.13736205961440576
u1397,-0.12071884355008876,0.17403780507503191
u1398,-0.3206852049366864,0.15031344521359408
u1399,-0.15285307542698226,0.1729168578278008
u1400,0.21080547920236686,0.1000960595396268
u1401,-0.14733929834630177,0.17502827818341749
u1402,-0.11771021872267752,0.1961665437473479
u1403,-0.2038743972571006,0.12665787855542343
u1404,0.6172127867455621,0.12009680152033043
u1405,0.06322870162989645,0.1645645698218447
u1406,0.029882624684905327,0.08847596924812291
u1407,-0.19421644284431952,0.1887529755712824
u1408,-0.11579186086853994,0.14166886428825648
u1409,-0.4749871567218935,0.2036833803129882
u1410,-0.13554592720255917,0.1963096215829553
u1411,-0.15131243251595267,0.11909505728089505
u1412,0.32757996670991124,0.21138880420427195
u1413,0.04043346773903402,0.12003139182504492
u1414,0.21485164354156805,0.16002718391997023
u1415,0.08037904017747041,0.16999152522463817
u1416,-0.06853604971862796,0.18396595112933117
u1417,0.359489904510355,0.10983861845468623
u1418,-0.09501548261492604,0.1637913539941273
u1419,-0.49619035268047335,0.1820148210643536
u1420,-0.30432487801494085,0.14858792854031402
u1421,-0.06084377737514793,0.11390756778670827
u1422,-0.21038362657784024,0.1357451236047773
u1423,0.07845268852402366,0.0971887737641227
u1424,0.15847794282573965,0.2110296911307124
u1425,-0.11053117468136095,0.15931887649958315
u1426,0.014489687868860946,0.1386692295415208
u1427,-0.07164184576161242,0.21882880540056018
u1428,-0.16665963068346154,0.12561570101392983
u1429,0.02306007839366864,0.20264894058641506
u1430,-0.1404107595537278,0.11072894817169424
u1431,0.02967442691102071,0.13293905953264493
u1432,-0.043045155573091715,0.15654246442102263
u1433,0.20875484665,0.1080246876408607
u1434,0.23895303488016273,0.1847365637298645
u1435,-0.39277127336094675,0.17820061246012392
u1436,0.06588938679488165,0.11776289929766949
u1437,0.11213734751464496,0.08191118443658972
u1438,0.02735433828966716,0.1397785957347131
u1439,-0.25698080640073967,0.15059828065517744
u1440,-0.02365973934545858,0.13097592850501213
u1441,0.006272567120310651,0.1411388495524265
u1442,0.069373431437929,0.20100650684500745
u1443,0.19337419913063608,0.2089522790668862
u1444,0.11511309663639054,0.14478512518307846
u1445,-0.11156770710953846,0.1750893493847838
u1446,0.09408233964081361,0.16820788684678073
u1447,-0.03117951958799852,0.14021855785684442
u1448,0.12424898054684912,0.20875241998129707
u1449,-0.28884414747588755,0.15291193177899742
u1450,-0.10704510187193994,0.17137815238020634
u1451,-0.310134036535503,0.11988874197290757
u1452,0.1148374536164497,0.16990492002538019
u1453,0.10272401873005177,0.20121375839288427
u1454,0.36500112905428994,0.11843542696751651
u1455,-0.2172310315087278,0.10556364304948938
u1456,-0.4691204676331805,0.21222642928597885
u1457,-0.20536570719571007,0.14677061017242954
u1458,0.09821701596752959,0.0983573889132355
u1459,-0.09078137687797337,0.1952095888901017
u1460,-0.26692064114718933,0.13873469753338863
u1461,0.28217431804926035,0.15005145650218932
u1462,0.675429861183432,0.16192127841314338
u1463,-0.34242373745325444,0.1895013156898276
u1464,-0.1341598012102071,0.14604010004653525
u1465,-0.3424093632647929,0.14663334602473438
u1466,0.2549826562085799,0.07896323191561153
u1467,0.0749246475129142,0.06935352705066196
u1468,-0.006817410767189349,0.1777991649990063
u1469,0.5074979990946745,0.22520934526707165
u1470,-0.3450238977386095,0.20175248599644863
u1471,-0.03605008736942308,0.14803206957560466
u1472,0.49054129822928993,0.15345329389512938
u1473,4.8508418668639057e-4,0.08456506988795258
u1474,0.14121332175482249,0.12706387399618077
u1475,0.1720247885285503,0.17933797431296508
u1476,-0.13606701659244083,0.13447668679708014
u1477,-0.06624475490350591,0.19349354484520273
u1478,-0.5474110686989645,0.1751398250160615
u1479,-0.25991140820986686,0.11704746129396121
u1480,0.042623516864275145,0.1890872361549976
u1481,0.025490008608920117,0.13076534925339328
u1482,0.010166575096976332,0.136898783729603
u1483,-0.20143481165502958,0.16442357118782547
u1484,0.11390285598399408,0.16027017535855814
u1485,-0.11599264177600592,0.14657392807710126
u1486,0.0246332745593787,0.15155342267828886
u1487,-0.0222222355781213,0.1696881647621759
u1488,0.46819821890236685,0.16848121037027006
u1489,-0.0689164117162426,0.12222394677289465
u1490,-0.020128976989949705,0.1547521959669721
u1491,-0.30541766624053257,0.16160728599405152
u1492,0.05264606361275148,0.14390798365289614
u1493,-0.04264033386059172,0.1505019202599543
u1494,-0.11395841052440829,0.19983245551755385
u1495,0.14281819714121302,0.12203632946068756
u1496,0.38791114009467453,0.10288674412707322
u1497,-0.04462114756094675,0.19597227531915745
u1498,-0.2622086651556213,0.1588755112365259
u1499,0.3140762442235207,0.21780674204273345
u1500,0.11879827725594674,0.10089679728338072
u1501,0.26015228696137577,0.22470122062412917
u1502,-0.039360056424156804,0.18762806536335058
u1503,-0.062265005503136094,0.131620018988875
u1504,-0.05370050234579882,0.12795699679452888
u1505,0.09214691285380178,0.12176880762991114
u1506,0.04023322700868343,0.1146898062780091
u1507,-0.15692500114731509,0.1612523157973894
u1508,-0.31200441507485205,0.18062662302287683
u1509,-0.15463208015421598,0.19770032193611242
u1510,-0.09407554489390532,0.17678991791436627
u1511,0.006259197815902367,0.14101798669330334
u1512,-0.253135756862426,0.0687471389360606
u1513,0.31290060754319526,0.11111720007651424
u1514,0.282506313316716,0.17457361031637006
u1515,-0.09125307717047337,0.09815721960105957
u1516,0.1459225202912722,0.15548369187723068
u1517,-0.20355821685142012,0.12291223628352053
u1518,-0.11067938318235798,0.10113104658857956
u1519,-0.014257662610591717,0.1474267877911445
u1520,0.2500697336738166,0.12652567923238456
u1521,0.07660597055338757,0.17623061434106815
u1522,0.1581971264147929,0.186447711247982
u1523,-0.09083111073568047,0.20046452134421677
u1524,0.04020350074615384,0.1722211506617475
u1525,0.5139137048377219,0.16779128497717938
u1526,-0.11106312404193787,0.14061617276458047
u1527,0.05716586481684911,0.11478505710602976
u1528,0.0761573144841716,0.1183523124391375
u1529,-0.21468492838860948,0.11549868818413245
u1530,0.009458168321079883,0.13976566209317062
u1531,-0.12846328708934912,0.16182270278771332
u1532,-0.17206640185650887,0.15869292732141183
u1533,-0.020572118113357987,0.1733704599916336
u1534,-0.21510269647529587,0.14281104026009703
u1535,-0.11604034374142012,0.12026733262340189
